territoire_id,indicateur,valeur
2,Population sédentaire active occupée (15+),478322.0
2,Mode de transport (%) - À pieds,26.2
2,Mode de transport (%) - Motocycle/ Bicyclette,2.7
2,Mode de transport (%) - Voiture privée,12.3
2,Mode de transport (%) - Bus,7.9
2,Mode de transport (%) - Taxi,11.1
2,Mode de transport (%) - Transport de l'employeur / Etablissement,33.3
2,Mode de transport (%) - Train,0.1
2,Mode de transport (%) - Tram,0.0
2,Mode de transport (%) - Transport informel,1.1
2,Mode de transport (%) - Animaux,0.1
2,Mode de transport (%) - Autre,0.5
2,Mode de transport (%) - Ne se déplace pas,4.6
3,Population sédentaire active occupée (15+),58919.0
3,Mode de transport (%) - À pieds,54.8
3,Mode de transport (%) - Motocycle/ Bicyclette,6.4
3,Mode de transport (%) - Voiture privée,10.8
3,Mode de transport (%) - Bus,2.6
3,Mode de transport (%) - Taxi,12.0
3,Mode de transport (%) - Transport de l'employeur / Etablissement,7.2
3,Mode de transport (%) - Train,0.1
3,Mode de transport (%) - Tram,0.0
3,Mode de transport (%) - Transport informel,0.8
3,Mode de transport (%) - Animaux,0.1
3,Mode de transport (%) - Autre,0.3
3,Mode de transport (%) - Ne se déplace pas,5.0
4,Population sédentaire active occupée (15+),162334.0
4,Mode de transport (%) - À pieds,47.9
4,Mode de transport (%) - Motocycle/ Bicyclette,2.8
4,Mode de transport (%) - Voiture privée,11.6
4,Mode de transport (%) - Bus,8.4
4,Mode de transport (%) - Taxi,11.6
4,Mode de transport (%) - Transport de l'employeur / Etablissement,7.1
4,Mode de transport (%) - Train,0.1
4,Mode de transport (%) - Tram,0.0
4,Mode de transport (%) - Transport informel,2.1
4,Mode de transport (%) - Animaux,0.8
4,Mode de transport (%) - Autre,0.4
4,Mode de transport (%) - Ne se déplace pas,7.3
5,Population sédentaire active occupée (15+),27370.0
5,Mode de transport (%) - À pieds,35.5
5,Mode de transport (%) - Motocycle/ Bicyclette,5.3
5,Mode de transport (%) - Voiture privée,7.9
5,Mode de transport (%) - Bus,6.3
5,Mode de transport (%) - Taxi,6.7
5,Mode de transport (%) - Transport de l'employeur / Etablissement,15.2
5,Mode de transport (%) - Train,0.0
5,Mode de transport (%) - Tram,0.0
5,Mode de transport (%) - Transport informel,8.9
5,Mode de transport (%) - Animaux,0.1
5,Mode de transport (%) - Autre,0.5
5,Mode de transport (%) - Ne se déplace pas,13.7
6,Population sédentaire active occupée (15+),122590.0
6,Mode de transport (%) - À pieds,51.1
6,Mode de transport (%) - Motocycle/ Bicyclette,8.1
6,Mode de transport (%) - Voiture privée,7.5
6,Mode de transport (%) - Bus,2.3
6,Mode de transport (%) - Taxi,7.4
6,Mode de transport (%) - Transport de l'employeur / Etablissement,12.0
6,Mode de transport (%) - Train,0.2
6,Mode de transport (%) - Tram,0.0
6,Mode de transport (%) - Transport informel,2.4
6,Mode de transport (%) - Animaux,2.3
6,Mode de transport (%) - Autre,0.8
6,Mode de transport (%) - Ne se déplace pas,5.9
7,Population sédentaire active occupée (15+),77232.0
7,Mode de transport (%) - À pieds,59.9
7,Mode de transport (%) - Motocycle/ Bicyclette,3.7
7,Mode de transport (%) - Voiture privée,11.4
7,Mode de transport (%) - Bus,0.9
7,Mode de transport (%) - Taxi,8.1
7,Mode de transport (%) - Transport de l'employeur / Etablissement,2.4
7,Mode de transport (%) - Train,0.0
7,Mode de transport (%) - Tram,0.0
7,Mode de transport (%) - Transport informel,2.7
7,Mode de transport (%) - Animaux,1.9
7,Mode de transport (%) - Autre,0.5
7,Mode de transport (%) - Ne se déplace pas,8.5
8,Population sédentaire active occupée (15+),108732.0
8,Mode de transport (%) - À pieds,71.8
8,Mode de transport (%) - Motocycle/ Bicyclette,0.9
8,Mode de transport (%) - Voiture privée,3.4
8,Mode de transport (%) - Bus,0.8
8,Mode de transport (%) - Taxi,3.1
8,Mode de transport (%) - Transport de l'employeur / Etablissement,1.1
8,Mode de transport (%) - Train,0.0
8,Mode de transport (%) - Tram,0.0
8,Mode de transport (%) - Transport informel,3.8
8,Mode de transport (%) - Animaux,4.6
8,Mode de transport (%) - Autre,0.2
8,Mode de transport (%) - Ne se déplace pas,10.4
9,Population sédentaire active occupée (15+),49239.0
9,Mode de transport (%) - À pieds,61.6
9,Mode de transport (%) - Motocycle/ Bicyclette,1.5
9,Mode de transport (%) - Voiture privée,6.5
9,Mode de transport (%) - Bus,1.5
9,Mode de transport (%) - Taxi,5.0
9,Mode de transport (%) - Transport de l'employeur / Etablissement,3.1
9,Mode de transport (%) - Train,0.0
9,Mode de transport (%) - Tram,0.0
9,Mode de transport (%) - Transport informel,4.8
9,Mode de transport (%) - Animaux,6.7
9,Mode de transport (%) - Autre,0.9
9,Mode de transport (%) - Ne se déplace pas,8.1
1,Population sédentaire active occupée (15+),1084739.0
1,Mode de transport (%) - À pieds,42.6
1,Mode de transport (%) - Motocycle/ Bicyclette,3.4
1,Mode de transport (%) - Voiture privée,10.3
1,Mode de transport (%) - Bus,5.5
1,Mode de transport (%) - Taxi,9.4
1,Mode de transport (%) - Transport de l'employeur / Etablissement,18.3
1,Mode de transport (%) - Train,0.1
1,Mode de transport (%) - Tram,0.0
1,Mode de transport (%) - Transport informel,2.2
1,Mode de transport (%) - Animaux,1.3
1,Mode de transport (%) - Autre,0.5
1,Mode de transport (%) - Ne se déplace pas,6.4
34,Population sédentaire active occupée (15+),414399.0
34,Mode de transport (%) - À pieds,25.6
34,Mode de transport (%) - Motocycle/ Bicyclette,2.5
34,Mode de transport (%) - Voiture privée,12.8
34,Mode de transport (%) - Bus,7.7
34,Mode de transport (%) - Taxi,11.8
34,Mode de transport (%) - Transport de l'employeur / Etablissement,34.3
34,Mode de transport (%) - Train,0.1
34,Mode de transport (%) - Tram,0.0
34,Mode de transport (%) - Transport informel,0.8
34,Mode de transport (%) - Animaux,0.1
34,Mode de transport (%) - Autre,0.4
34,Mode de transport (%) - Ne se déplace pas,3.9
35,Population sédentaire active occupée (15+),9134.0
35,Mode de transport (%) - À pieds,58.7
35,Mode de transport (%) - Motocycle/ Bicyclette,7.1
35,Mode de transport (%) - Voiture privée,9.8
35,Mode de transport (%) - Bus,5.2
35,Mode de transport (%) - Taxi,4.7
35,Mode de transport (%) - Transport de l'employeur / Etablissement,5.2
35,Mode de transport (%) - Train,0.1
35,Mode de transport (%) - Tram,0.0
35,Mode de transport (%) - Transport informel,1.2
35,Mode de transport (%) - Animaux,0.2
35,Mode de transport (%) - Autre,0.6
35,Mode de transport (%) - Ne se déplace pas,7.3
36,Population sédentaire active occupée (15+),29055.0
36,Mode de transport (%) - À pieds,18.6
36,Mode de transport (%) - Motocycle/ Bicyclette,3.4
36,Mode de transport (%) - Voiture privée,12.0
36,Mode de transport (%) - Bus,11.1
36,Mode de transport (%) - Taxi,7.0
36,Mode de transport (%) - Transport de l'employeur / Etablissement,41.4
36,Mode de transport (%) - Train,0.1
36,Mode de transport (%) - Tram,0.0
36,Mode de transport (%) - Transport informel,1.5
36,Mode de transport (%) - Animaux,0.1
36,Mode de transport (%) - Autre,0.8
36,Mode de transport (%) - Ne se déplace pas,4.0
37,Population sédentaire active occupée (15+),6584.0
37,Mode de transport (%) - À pieds,23.1
37,Mode de transport (%) - Motocycle/ Bicyclette,6.8
37,Mode de transport (%) - Voiture privée,5.4
37,Mode de transport (%) - Bus,11.6
37,Mode de transport (%) - Taxi,3.5
37,Mode de transport (%) - Transport de l'employeur / Etablissement,33.7
37,Mode de transport (%) - Train,0.0
37,Mode de transport (%) - Tram,0.0
37,Mode de transport (%) - Transport informel,7.9
37,Mode de transport (%) - Animaux,0.2
37,Mode de transport (%) - Autre,1.1
37,Mode de transport (%) - Ne se déplace pas,6.7
38,Population sédentaire active occupée (15+),1020.0
38,Mode de transport (%) - À pieds,35.8
38,Mode de transport (%) - Motocycle/ Bicyclette,2.1
38,Mode de transport (%) - Voiture privée,3.7
38,Mode de transport (%) - Bus,13.2
38,Mode de transport (%) - Taxi,1.5
38,Mode de transport (%) - Transport de l'employeur / Etablissement,7.7
38,Mode de transport (%) - Train,0.0
38,Mode de transport (%) - Tram,0.0
38,Mode de transport (%) - Transport informel,12.7
38,Mode de transport (%) - Animaux,0.4
38,Mode de transport (%) - Autre,0.0
38,Mode de transport (%) - Ne se déplace pas,22.8
39,Population sédentaire active occupée (15+),674.0
39,Mode de transport (%) - À pieds,56.8
39,Mode de transport (%) - Motocycle/ Bicyclette,2.7
39,Mode de transport (%) - Voiture privée,2.8
39,Mode de transport (%) - Bus,8.5
39,Mode de transport (%) - Taxi,1.5
39,Mode de transport (%) - Transport de l'employeur / Etablissement,10.1
39,Mode de transport (%) - Train,0.0
39,Mode de transport (%) - Tram,0.0
39,Mode de transport (%) - Transport informel,4.6
39,Mode de transport (%) - Animaux,1.3
39,Mode de transport (%) - Autre,0.4
39,Mode de transport (%) - Ne se déplace pas,11.3
40,Population sédentaire active occupée (15+),4954.0
40,Mode de transport (%) - À pieds,25.4
40,Mode de transport (%) - Motocycle/ Bicyclette,7.0
40,Mode de transport (%) - Voiture privée,9.0
40,Mode de transport (%) - Bus,10.7
40,Mode de transport (%) - Taxi,21.7
40,Mode de transport (%) - Transport de l'employeur / Etablissement,19.6
40,Mode de transport (%) - Train,0.0
40,Mode de transport (%) - Tram,0.0
40,Mode de transport (%) - Transport informel,0.3
40,Mode de transport (%) - Animaux,0.2
40,Mode de transport (%) - Autre,0.4
40,Mode de transport (%) - Ne se déplace pas,5.5
41,Population sédentaire active occupée (15+),1626.0
41,Mode de transport (%) - À pieds,45.9
41,Mode de transport (%) - Motocycle/ Bicyclette,5.9
41,Mode de transport (%) - Voiture privée,6.2
41,Mode de transport (%) - Bus,16.1
41,Mode de transport (%) - Taxi,1.4
41,Mode de transport (%) - Transport de l'employeur / Etablissement,11.8
41,Mode de transport (%) - Train,0.0
41,Mode de transport (%) - Tram,0.0
41,Mode de transport (%) - Transport informel,6.9
41,Mode de transport (%) - Animaux,0.2
41,Mode de transport (%) - Autre,0.7
41,Mode de transport (%) - Ne se déplace pas,4.9
42,Population sédentaire active occupée (15+),1093.0
42,Mode de transport (%) - À pieds,31.0
42,Mode de transport (%) - Motocycle/ Bicyclette,6.3
42,Mode de transport (%) - Voiture privée,8.5
42,Mode de transport (%) - Bus,16.0
42,Mode de transport (%) - Taxi,11.3
42,Mode de transport (%) - Transport de l'employeur / Etablissement,8.6
42,Mode de transport (%) - Train,0.0
42,Mode de transport (%) - Tram,0.0
42,Mode de transport (%) - Transport informel,1.3
42,Mode de transport (%) - Animaux,0.6
42,Mode de transport (%) - Autre,0.5
42,Mode de transport (%) - Ne se déplace pas,15.7
43,Population sédentaire active occupée (15+),4657.0
43,Mode de transport (%) - À pieds,30.8
43,Mode de transport (%) - Motocycle/ Bicyclette,2.4
43,Mode de transport (%) - Voiture privée,3.9
43,Mode de transport (%) - Bus,5.4
43,Mode de transport (%) - Taxi,2.5
43,Mode de transport (%) - Transport de l'employeur / Etablissement,11.7
43,Mode de transport (%) - Train,0.1
43,Mode de transport (%) - Tram,0.0
43,Mode de transport (%) - Transport informel,3.5
43,Mode de transport (%) - Animaux,2.2
43,Mode de transport (%) - Autre,0.6
43,Mode de transport (%) - Ne se déplace pas,36.9
44,Population sédentaire active occupée (15+),1719.0
44,Mode de transport (%) - À pieds,55.8
44,Mode de transport (%) - Motocycle/ Bicyclette,3.4
44,Mode de transport (%) - Voiture privée,2.0
44,Mode de transport (%) - Bus,0.9
44,Mode de transport (%) - Taxi,9.1
44,Mode de transport (%) - Transport de l'employeur / Etablissement,3.7
44,Mode de transport (%) - Train,0.1
44,Mode de transport (%) - Tram,0.0
44,Mode de transport (%) - Transport informel,14.5
44,Mode de transport (%) - Animaux,3.7
44,Mode de transport (%) - Autre,0.1
44,Mode de transport (%) - Ne se déplace pas,6.7
45,Population sédentaire active occupée (15+),3408.0
45,Mode de transport (%) - À pieds,47.2
45,Mode de transport (%) - Motocycle/ Bicyclette,2.3
45,Mode de transport (%) - Voiture privée,4.9
45,Mode de transport (%) - Bus,6.0
45,Mode de transport (%) - Taxi,2.1
45,Mode de transport (%) - Transport de l'employeur / Etablissement,5.7
45,Mode de transport (%) - Train,0.0
45,Mode de transport (%) - Tram,0.0
45,Mode de transport (%) - Transport informel,11.4
45,Mode de transport (%) - Animaux,4.0
45,Mode de transport (%) - Autre,0.4
45,Mode de transport (%) - Ne se déplace pas,15.9
46,Population sédentaire active occupée (15+),15765.0
46,Mode de transport (%) - À pieds,55.9
46,Mode de transport (%) - Motocycle/ Bicyclette,5.4
46,Mode de transport (%) - Voiture privée,7.9
46,Mode de transport (%) - Bus,3.7
46,Mode de transport (%) - Taxi,14.4
46,Mode de transport (%) - Transport de l'employeur / Etablissement,6.1
46,Mode de transport (%) - Train,0.0
46,Mode de transport (%) - Tram,0.0
46,Mode de transport (%) - Transport informel,1.1
46,Mode de transport (%) - Animaux,0.1
46,Mode de transport (%) - Autre,0.3
46,Mode de transport (%) - Ne se déplace pas,5.1
47,Population sédentaire active occupée (15+),16061.0
47,Mode de transport (%) - À pieds,69.9
47,Mode de transport (%) - Motocycle/ Bicyclette,3.9
47,Mode de transport (%) - Voiture privée,6.7
47,Mode de transport (%) - Bus,1.7
47,Mode de transport (%) - Taxi,8.1
47,Mode de transport (%) - Transport de l'employeur / Etablissement,5.7
47,Mode de transport (%) - Train,0.1
47,Mode de transport (%) - Tram,0.0
47,Mode de transport (%) - Transport informel,0.2
47,Mode de transport (%) - Animaux,0.0
47,Mode de transport (%) - Autre,0.1
47,Mode de transport (%) - Ne se déplace pas,3.4
48,Population sédentaire active occupée (15+),24864.0
48,Mode de transport (%) - À pieds,45.0
48,Mode de transport (%) - Motocycle/ Bicyclette,7.6
48,Mode de transport (%) - Voiture privée,15.7
48,Mode de transport (%) - Bus,2.7
48,Mode de transport (%) - Taxi,13.2
48,Mode de transport (%) - Transport de l'employeur / Etablissement,9.2
48,Mode de transport (%) - Train,0.1
48,Mode de transport (%) - Tram,0.0
48,Mode de transport (%) - Transport informel,0.4
48,Mode de transport (%) - Animaux,0.1
48,Mode de transport (%) - Autre,0.4
48,Mode de transport (%) - Ne se déplace pas,5.7
49,Population sédentaire active occupée (15+),1455.0
49,Mode de transport (%) - À pieds,41.6
49,Mode de transport (%) - Motocycle/ Bicyclette,22.9
49,Mode de transport (%) - Voiture privée,6.9
49,Mode de transport (%) - Bus,0.7
49,Mode de transport (%) - Taxi,7.5
49,Mode de transport (%) - Transport de l'employeur / Etablissement,2.5
49,Mode de transport (%) - Train,0.0
49,Mode de transport (%) - Tram,0.0
49,Mode de transport (%) - Transport informel,11.8
49,Mode de transport (%) - Animaux,0.1
49,Mode de transport (%) - Autre,0.5
49,Mode de transport (%) - Ne se déplace pas,5.4
50,Population sédentaire active occupée (15+),775.0
50,Mode de transport (%) - À pieds,59.7
50,Mode de transport (%) - Motocycle/ Bicyclette,9.9
50,Mode de transport (%) - Voiture privée,4.5
50,Mode de transport (%) - Bus,0.5
50,Mode de transport (%) - Taxi,13.0
50,Mode de transport (%) - Transport de l'employeur / Etablissement,0.8
50,Mode de transport (%) - Train,0.0
50,Mode de transport (%) - Tram,0.0
50,Mode de transport (%) - Transport informel,0.3
50,Mode de transport (%) - Animaux,0.1
50,Mode de transport (%) - Autre,0.0
50,Mode de transport (%) - Ne se déplace pas,11.1
51,Population sédentaire active occupée (15+),108883.0
51,Mode de transport (%) - À pieds,43.0
51,Mode de transport (%) - Motocycle/ Bicyclette,2.1
51,Mode de transport (%) - Voiture privée,15.4
51,Mode de transport (%) - Bus,9.3
51,Mode de transport (%) - Taxi,14.4
51,Mode de transport (%) - Transport de l'employeur / Etablissement,9.2
51,Mode de transport (%) - Train,0.1
51,Mode de transport (%) - Tram,0.0
51,Mode de transport (%) - Transport informel,0.7
51,Mode de transport (%) - Animaux,0.0
51,Mode de transport (%) - Autre,0.4
51,Mode de transport (%) - Ne se déplace pas,5.4
52,Population sédentaire active occupée (15+),2373.0
52,Mode de transport (%) - À pieds,50.8
52,Mode de transport (%) - Motocycle/ Bicyclette,13.8
52,Mode de transport (%) - Voiture privée,10.9
52,Mode de transport (%) - Bus,3.1
52,Mode de transport (%) - Taxi,4.2
52,Mode de transport (%) - Transport de l'employeur / Etablissement,1.2
52,Mode de transport (%) - Train,0.0
52,Mode de transport (%) - Tram,0.0
52,Mode de transport (%) - Transport informel,1.7
52,Mode de transport (%) - Animaux,0.5
52,Mode de transport (%) - Autre,0.7
52,Mode de transport (%) - Ne se déplace pas,13.0
53,Population sédentaire active occupée (15+),1888.0
53,Mode de transport (%) - À pieds,36.4
53,Mode de transport (%) - Motocycle/ Bicyclette,1.8
53,Mode de transport (%) - Voiture privée,2.3
53,Mode de transport (%) - Bus,3.9
53,Mode de transport (%) - Taxi,9.5
53,Mode de transport (%) - Transport de l'employeur / Etablissement,2.3
53,Mode de transport (%) - Train,0.1
53,Mode de transport (%) - Tram,0.0
53,Mode de transport (%) - Transport informel,10.1
53,Mode de transport (%) - Animaux,0.4
53,Mode de transport (%) - Autre,0.3
53,Mode de transport (%) - Ne se déplace pas,33.1
54,Population sédentaire active occupée (15+),2176.0
54,Mode de transport (%) - À pieds,47.2
54,Mode de transport (%) - Motocycle/ Bicyclette,4.1
54,Mode de transport (%) - Voiture privée,2.9
54,Mode de transport (%) - Bus,10.3
54,Mode de transport (%) - Taxi,14.6
54,Mode de transport (%) - Transport de l'employeur / Etablissement,4.4
54,Mode de transport (%) - Train,0.0
54,Mode de transport (%) - Tram,0.0
54,Mode de transport (%) - Transport informel,0.2
54,Mode de transport (%) - Animaux,0.4
54,Mode de transport (%) - Autre,0.6
54,Mode de transport (%) - Ne se déplace pas,15.3
55,Population sédentaire active occupée (15+),1296.0
55,Mode de transport (%) - À pieds,69.5
55,Mode de transport (%) - Motocycle/ Bicyclette,1.1
55,Mode de transport (%) - Voiture privée,7.3
55,Mode de transport (%) - Bus,1.5
55,Mode de transport (%) - Taxi,0.5
55,Mode de transport (%) - Transport de l'employeur / Etablissement,7.9
55,Mode de transport (%) - Train,0.0
55,Mode de transport (%) - Tram,0.0
55,Mode de transport (%) - Transport informel,7.1
55,Mode de transport (%) - Animaux,0.0
55,Mode de transport (%) - Autre,0.1
55,Mode de transport (%) - Ne se déplace pas,4.9
56,Population sédentaire active occupée (15+),1660.0
56,Mode de transport (%) - À pieds,64.1
56,Mode de transport (%) - Motocycle/ Bicyclette,0.4
56,Mode de transport (%) - Voiture privée,2.3
56,Mode de transport (%) - Bus,1.2
56,Mode de transport (%) - Taxi,8.0
56,Mode de transport (%) - Transport de l'employeur / Etablissement,6.7
56,Mode de transport (%) - Train,0.0
56,Mode de transport (%) - Tram,0.0
56,Mode de transport (%) - Transport informel,1.0
56,Mode de transport (%) - Animaux,0.5
56,Mode de transport (%) - Autre,0.4
56,Mode de transport (%) - Ne se déplace pas,15.4
57,Population sédentaire active occupée (15+),570.0
57,Mode de transport (%) - À pieds,87.0
57,Mode de transport (%) - Motocycle/ Bicyclette,0.5
57,Mode de transport (%) - Voiture privée,1.8
57,Mode de transport (%) - Bus,3.5
57,Mode de transport (%) - Taxi,1.2
57,Mode de transport (%) - Transport de l'employeur / Etablissement,1.8
57,Mode de transport (%) - Train,0.0
57,Mode de transport (%) - Tram,0.0
57,Mode de transport (%) - Transport informel,3.2
57,Mode de transport (%) - Animaux,0.5
57,Mode de transport (%) - Autre,0.0
57,Mode de transport (%) - Ne se déplace pas,0.5
58,Population sédentaire active occupée (15+),2941.0
58,Mode de transport (%) - À pieds,38.8
58,Mode de transport (%) - Motocycle/ Bicyclette,15.2
58,Mode de transport (%) - Voiture privée,9.0
58,Mode de transport (%) - Bus,8.7
58,Mode de transport (%) - Taxi,4.7
58,Mode de transport (%) - Transport de l'employeur / Etablissement,3.9
58,Mode de transport (%) - Train,0.0
58,Mode de transport (%) - Tram,0.0
58,Mode de transport (%) - Transport informel,5.3
58,Mode de transport (%) - Animaux,0.4
58,Mode de transport (%) - Autre,0.6
58,Mode de transport (%) - Ne se déplace pas,13.5
59,Population sédentaire active occupée (15+),1797.0
59,Mode de transport (%) - À pieds,51.4
59,Mode de transport (%) - Motocycle/ Bicyclette,3.7
59,Mode de transport (%) - Voiture privée,3.1
59,Mode de transport (%) - Bus,11.5
59,Mode de transport (%) - Taxi,5.1
59,Mode de transport (%) - Transport de l'employeur / Etablissement,10.1
59,Mode de transport (%) - Train,0.1
59,Mode de transport (%) - Tram,0.0
59,Mode de transport (%) - Transport informel,4.8
59,Mode de transport (%) - Animaux,0.2
59,Mode de transport (%) - Autre,0.4
59,Mode de transport (%) - Ne se déplace pas,9.5
60,Population sédentaire active occupée (15+),2596.0
60,Mode de transport (%) - À pieds,67.0
60,Mode de transport (%) - Motocycle/ Bicyclette,1.1
60,Mode de transport (%) - Voiture privée,1.9
60,Mode de transport (%) - Bus,7.1
60,Mode de transport (%) - Taxi,4.2
60,Mode de transport (%) - Transport de l'employeur / Etablissement,2.8
60,Mode de transport (%) - Train,0.0
60,Mode de transport (%) - Tram,0.0
60,Mode de transport (%) - Transport informel,3.6
60,Mode de transport (%) - Animaux,9.3
60,Mode de transport (%) - Autre,0.2
60,Mode de transport (%) - Ne se déplace pas,2.6
61,Population sédentaire active occupée (15+),1796.0
61,Mode de transport (%) - À pieds,68.0
61,Mode de transport (%) - Motocycle/ Bicyclette,0.1
61,Mode de transport (%) - Voiture privée,0.4
61,Mode de transport (%) - Bus,0.0
61,Mode de transport (%) - Taxi,2.4
61,Mode de transport (%) - Transport de l'employeur / Etablissement,0.5
61,Mode de transport (%) - Train,0.0
61,Mode de transport (%) - Tram,0.0
61,Mode de transport (%) - Transport informel,2.3
61,Mode de transport (%) - Animaux,1.3
61,Mode de transport (%) - Autre,0.1
61,Mode de transport (%) - Ne se déplace pas,24.8
62,Population sédentaire active occupée (15+),2122.0
62,Mode de transport (%) - À pieds,56.9
62,Mode de transport (%) - Motocycle/ Bicyclette,0.2
62,Mode de transport (%) - Voiture privée,1.8
62,Mode de transport (%) - Bus,0.2
62,Mode de transport (%) - Taxi,2.6
62,Mode de transport (%) - Transport de l'employeur / Etablissement,2.6
62,Mode de transport (%) - Train,0.1
62,Mode de transport (%) - Tram,0.0
62,Mode de transport (%) - Transport informel,1.1
62,Mode de transport (%) - Animaux,10.1
62,Mode de transport (%) - Autre,0.0
62,Mode de transport (%) - Ne se déplace pas,24.3
63,Population sédentaire active occupée (15+),2545.0
63,Mode de transport (%) - À pieds,93.3
63,Mode de transport (%) - Motocycle/ Bicyclette,0.0
63,Mode de transport (%) - Voiture privée,0.2
63,Mode de transport (%) - Bus,0.7
63,Mode de transport (%) - Taxi,0.2
63,Mode de transport (%) - Transport de l'employeur / Etablissement,0.7
63,Mode de transport (%) - Train,0.0
63,Mode de transport (%) - Tram,0.0
63,Mode de transport (%) - Transport informel,1.6
63,Mode de transport (%) - Animaux,2.3
63,Mode de transport (%) - Autre,0.0
63,Mode de transport (%) - Ne se déplace pas,0.9
64,Population sédentaire active occupée (15+),4928.0
64,Mode de transport (%) - À pieds,75.6
64,Mode de transport (%) - Motocycle/ Bicyclette,0.0
64,Mode de transport (%) - Voiture privée,1.5
64,Mode de transport (%) - Bus,10.4
64,Mode de transport (%) - Taxi,1.1
64,Mode de transport (%) - Transport de l'employeur / Etablissement,2.3
64,Mode de transport (%) - Train,0.0
64,Mode de transport (%) - Tram,0.0
64,Mode de transport (%) - Transport informel,5.3
64,Mode de transport (%) - Animaux,0.6
64,Mode de transport (%) - Autre,0.2
64,Mode de transport (%) - Ne se déplace pas,3.0
65,Population sédentaire active occupée (15+),4099.0
65,Mode de transport (%) - À pieds,85.9
65,Mode de transport (%) - Motocycle/ Bicyclette,0.3
65,Mode de transport (%) - Voiture privée,0.4
65,Mode de transport (%) - Bus,1.2
65,Mode de transport (%) - Taxi,1.8
65,Mode de transport (%) - Transport de l'employeur / Etablissement,1.1
65,Mode de transport (%) - Train,0.0
65,Mode de transport (%) - Tram,0.0
65,Mode de transport (%) - Transport informel,4.5
65,Mode de transport (%) - Animaux,0.3
65,Mode de transport (%) - Autre,0.0
65,Mode de transport (%) - Ne se déplace pas,4.4
66,Population sédentaire active occupée (15+),2105.0
66,Mode de transport (%) - À pieds,85.7
66,Mode de transport (%) - Motocycle/ Bicyclette,0.5
66,Mode de transport (%) - Voiture privée,0.3
66,Mode de transport (%) - Bus,1.2
66,Mode de transport (%) - Taxi,0.7
66,Mode de transport (%) - Transport de l'employeur / Etablissement,0.1
66,Mode de transport (%) - Train,0.0
66,Mode de transport (%) - Tram,0.0
66,Mode de transport (%) - Transport informel,1.1
66,Mode de transport (%) - Animaux,0.6
66,Mode de transport (%) - Autre,0.0
66,Mode de transport (%) - Ne se déplace pas,9.7
67,Population sédentaire active occupée (15+),2244.0
67,Mode de transport (%) - À pieds,35.0
67,Mode de transport (%) - Motocycle/ Bicyclette,2.7
67,Mode de transport (%) - Voiture privée,9.2
67,Mode de transport (%) - Bus,18.2
67,Mode de transport (%) - Taxi,10.5
67,Mode de transport (%) - Transport de l'employeur / Etablissement,6.1
67,Mode de transport (%) - Train,0.1
67,Mode de transport (%) - Tram,0.0
67,Mode de transport (%) - Transport informel,9.2
67,Mode de transport (%) - Animaux,0.0
67,Mode de transport (%) - Autre,0.1
67,Mode de transport (%) - Ne se déplace pas,8.8
68,Population sédentaire active occupée (15+),2529.0
68,Mode de transport (%) - À pieds,55.0
68,Mode de transport (%) - Motocycle/ Bicyclette,0.5
68,Mode de transport (%) - Voiture privée,3.8
68,Mode de transport (%) - Bus,8.4
68,Mode de transport (%) - Taxi,0.5
68,Mode de transport (%) - Transport de l'employeur / Etablissement,1.0
68,Mode de transport (%) - Train,0.0
68,Mode de transport (%) - Tram,0.0
68,Mode de transport (%) - Transport informel,19.5
68,Mode de transport (%) - Animaux,4.5
68,Mode de transport (%) - Autre,0.0
68,Mode de transport (%) - Ne se déplace pas,6.7
69,Population sédentaire active occupée (15+),5159.0
69,Mode de transport (%) - À pieds,36.0
69,Mode de transport (%) - Motocycle/ Bicyclette,12.2
69,Mode de transport (%) - Voiture privée,7.7
69,Mode de transport (%) - Bus,4.1
69,Mode de transport (%) - Taxi,18.7
69,Mode de transport (%) - Transport de l'employeur / Etablissement,3.8
69,Mode de transport (%) - Train,0.2
69,Mode de transport (%) - Tram,0.0
69,Mode de transport (%) - Transport informel,5.5
69,Mode de transport (%) - Animaux,0.1
69,Mode de transport (%) - Autre,0.6
69,Mode de transport (%) - Ne se déplace pas,11.1
70,Population sédentaire active occupée (15+),3182.0
70,Mode de transport (%) - À pieds,38.5
70,Mode de transport (%) - Motocycle/ Bicyclette,10.1
70,Mode de transport (%) - Voiture privée,8.9
70,Mode de transport (%) - Bus,20.8
70,Mode de transport (%) - Taxi,10.1
70,Mode de transport (%) - Transport de l'employeur / Etablissement,5.3
70,Mode de transport (%) - Train,0.0
70,Mode de transport (%) - Tram,0.0
70,Mode de transport (%) - Transport informel,0.9
70,Mode de transport (%) - Animaux,0.3
70,Mode de transport (%) - Autre,0.9
70,Mode de transport (%) - Ne se déplace pas,4.2
71,Population sédentaire active occupée (15+),3303.0
71,Mode de transport (%) - À pieds,48.3
71,Mode de transport (%) - Motocycle/ Bicyclette,2.7
71,Mode de transport (%) - Voiture privée,1.4
71,Mode de transport (%) - Bus,1.1
71,Mode de transport (%) - Taxi,4.7
71,Mode de transport (%) - Transport de l'employeur / Etablissement,0.2
71,Mode de transport (%) - Train,0.0
71,Mode de transport (%) - Tram,0.0
71,Mode de transport (%) - Transport informel,12.6
71,Mode de transport (%) - Animaux,12.8
71,Mode de transport (%) - Autre,0.0
71,Mode de transport (%) - Ne se déplace pas,16.1
72,Population sédentaire active occupée (15+),2141.0
72,Mode de transport (%) - À pieds,45.8
72,Mode de transport (%) - Motocycle/ Bicyclette,1.9
72,Mode de transport (%) - Voiture privée,3.7
72,Mode de transport (%) - Bus,11.3
72,Mode de transport (%) - Taxi,1.7
72,Mode de transport (%) - Transport de l'employeur / Etablissement,1.0
72,Mode de transport (%) - Train,0.0
72,Mode de transport (%) - Tram,0.0
72,Mode de transport (%) - Transport informel,2.0
72,Mode de transport (%) - Animaux,3.3
72,Mode de transport (%) - Autre,0.2
72,Mode de transport (%) - Ne se déplace pas,29.1
73,Population sédentaire active occupée (15+),5753.0
73,Mode de transport (%) - À pieds,46.8
73,Mode de transport (%) - Motocycle/ Bicyclette,2.7
73,Mode de transport (%) - Voiture privée,5.5
73,Mode de transport (%) - Bus,6.9
73,Mode de transport (%) - Taxi,3.4
73,Mode de transport (%) - Transport de l'employeur / Etablissement,19.4
73,Mode de transport (%) - Train,0.1
73,Mode de transport (%) - Tram,0.0
73,Mode de transport (%) - Transport informel,3.8
73,Mode de transport (%) - Animaux,0.0
73,Mode de transport (%) - Autre,0.3
73,Mode de transport (%) - Ne se déplace pas,11.0
74,Population sédentaire active occupée (15+),3884.0
74,Mode de transport (%) - À pieds,33.5
74,Mode de transport (%) - Motocycle/ Bicyclette,5.5
74,Mode de transport (%) - Voiture privée,10.2
74,Mode de transport (%) - Bus,12.8
74,Mode de transport (%) - Taxi,7.4
74,Mode de transport (%) - Transport de l'employeur / Etablissement,23.4
74,Mode de transport (%) - Train,0.0
74,Mode de transport (%) - Tram,0.0
74,Mode de transport (%) - Transport informel,1.2
74,Mode de transport (%) - Animaux,0.0
74,Mode de transport (%) - Autre,1.4
74,Mode de transport (%) - Ne se déplace pas,4.7
75,Population sédentaire active occupée (15+),4121.0
75,Mode de transport (%) - À pieds,42.2
75,Mode de transport (%) - Motocycle/ Bicyclette,2.6
75,Mode de transport (%) - Voiture privée,10.1
75,Mode de transport (%) - Bus,8.0
75,Mode de transport (%) - Taxi,10.2
75,Mode de transport (%) - Transport de l'employeur / Etablissement,18.9
75,Mode de transport (%) - Train,0.0
75,Mode de transport (%) - Tram,0.0
75,Mode de transport (%) - Transport informel,3.7
75,Mode de transport (%) - Animaux,0.2
75,Mode de transport (%) - Autre,0.6
75,Mode de transport (%) - Ne se déplace pas,3.4
76,Population sédentaire active occupée (15+),3031.0
76,Mode de transport (%) - À pieds,34.3
76,Mode de transport (%) - Motocycle/ Bicyclette,5.4
76,Mode de transport (%) - Voiture privée,6.7
76,Mode de transport (%) - Bus,5.1
76,Mode de transport (%) - Taxi,8.9
76,Mode de transport (%) - Transport de l'employeur / Etablissement,14.2
76,Mode de transport (%) - Train,0.1
76,Mode de transport (%) - Tram,0.0
76,Mode de transport (%) - Transport informel,0.4
76,Mode de transport (%) - Animaux,0.2
76,Mode de transport (%) - Autre,0.4
76,Mode de transport (%) - Ne se déplace pas,24.3
77,Population sédentaire active occupée (15+),4432.0
77,Mode de transport (%) - À pieds,14.1
77,Mode de transport (%) - Motocycle/ Bicyclette,3.9
77,Mode de transport (%) - Voiture privée,8.1
77,Mode de transport (%) - Bus,5.4
77,Mode de transport (%) - Taxi,4.0
77,Mode de transport (%) - Transport de l'employeur / Etablissement,5.7
77,Mode de transport (%) - Train,0.0
77,Mode de transport (%) - Tram,0.0
77,Mode de transport (%) - Transport informel,28.2
77,Mode de transport (%) - Animaux,0.1
77,Mode de transport (%) - Autre,0.3
77,Mode de transport (%) - Ne se déplace pas,30.1
78,Population sédentaire active occupée (15+),2718.0
78,Mode de transport (%) - À pieds,36.9
78,Mode de transport (%) - Motocycle/ Bicyclette,12.3
78,Mode de transport (%) - Voiture privée,5.1
78,Mode de transport (%) - Bus,0.6
78,Mode de transport (%) - Taxi,8.4
78,Mode de transport (%) - Transport de l'employeur / Etablissement,4.4
78,Mode de transport (%) - Train,0.0
78,Mode de transport (%) - Tram,0.0
78,Mode de transport (%) - Transport informel,13.2
78,Mode de transport (%) - Animaux,0.0
78,Mode de transport (%) - Autre,0.2
78,Mode de transport (%) - Ne se déplace pas,18.9
79,Population sédentaire active occupée (15+),3431.0
79,Mode de transport (%) - À pieds,38.7
79,Mode de transport (%) - Motocycle/ Bicyclette,9.0
79,Mode de transport (%) - Voiture privée,9.3
79,Mode de transport (%) - Bus,2.1
79,Mode de transport (%) - Taxi,7.7
79,Mode de transport (%) - Transport de l'employeur / Etablissement,16.0
79,Mode de transport (%) - Train,0.0
79,Mode de transport (%) - Tram,0.0
79,Mode de transport (%) - Transport informel,11.2
79,Mode de transport (%) - Animaux,0.0
79,Mode de transport (%) - Autre,0.3
79,Mode de transport (%) - Ne se déplace pas,5.8
80,Population sédentaire active occupée (15+),27970.0
80,Mode de transport (%) - À pieds,52.5
80,Mode de transport (%) - Motocycle/ Bicyclette,14.9
80,Mode de transport (%) - Voiture privée,9.5
80,Mode de transport (%) - Bus,2.4
80,Mode de transport (%) - Taxi,7.1
80,Mode de transport (%) - Transport de l'employeur / Etablissement,6.7
80,Mode de transport (%) - Train,0.7
80,Mode de transport (%) - Tram,0.0
80,Mode de transport (%) - Transport informel,1.0
80,Mode de transport (%) - Animaux,0.1
80,Mode de transport (%) - Autre,0.5
80,Mode de transport (%) - Ne se déplace pas,4.6
81,Population sédentaire active occupée (15+),36674.0
81,Mode de transport (%) - À pieds,45.3
81,Mode de transport (%) - Motocycle/ Bicyclette,5.7
81,Mode de transport (%) - Voiture privée,11.9
81,Mode de transport (%) - Bus,3.0
81,Mode de transport (%) - Taxi,10.3
81,Mode de transport (%) - Transport de l'employeur / Etablissement,17.3
81,Mode de transport (%) - Train,0.0
81,Mode de transport (%) - Tram,0.0
81,Mode de transport (%) - Transport informel,0.3
81,Mode de transport (%) - Animaux,0.1
81,Mode de transport (%) - Autre,0.7
81,Mode de transport (%) - Ne se déplace pas,5.3
82,Population sédentaire active occupée (15+),12473.0
82,Mode de transport (%) - À pieds,58.2
82,Mode de transport (%) - Motocycle/ Bicyclette,7.1
82,Mode de transport (%) - Voiture privée,6.2
82,Mode de transport (%) - Bus,1.1
82,Mode de transport (%) - Taxi,2.3
82,Mode de transport (%) - Transport de l'employeur / Etablissement,12.1
82,Mode de transport (%) - Train,0.0
82,Mode de transport (%) - Tram,0.0
82,Mode de transport (%) - Transport informel,5.4
82,Mode de transport (%) - Animaux,2.0
82,Mode de transport (%) - Autre,0.3
82,Mode de transport (%) - Ne se déplace pas,5.3
83,Population sédentaire active occupée (15+),6278.0
83,Mode de transport (%) - À pieds,39.2
83,Mode de transport (%) - Motocycle/ Bicyclette,9.6
83,Mode de transport (%) - Voiture privée,3.3
83,Mode de transport (%) - Bus,0.3
83,Mode de transport (%) - Taxi,5.5
83,Mode de transport (%) - Transport de l'employeur / Etablissement,27.1
83,Mode de transport (%) - Train,0.2
83,Mode de transport (%) - Tram,0.0
83,Mode de transport (%) - Transport informel,2.4
83,Mode de transport (%) - Animaux,0.8
83,Mode de transport (%) - Autre,1.1
83,Mode de transport (%) - Ne se déplace pas,10.4
84,Population sédentaire active occupée (15+),4151.0
84,Mode de transport (%) - À pieds,34.8
84,Mode de transport (%) - Motocycle/ Bicyclette,25.2
84,Mode de transport (%) - Voiture privée,3.9
84,Mode de transport (%) - Bus,1.1
84,Mode de transport (%) - Taxi,10.2
84,Mode de transport (%) - Transport de l'employeur / Etablissement,9.6
84,Mode de transport (%) - Train,0.3
84,Mode de transport (%) - Tram,0.0
84,Mode de transport (%) - Transport informel,1.1
84,Mode de transport (%) - Animaux,6.9
84,Mode de transport (%) - Autre,0.7
84,Mode de transport (%) - Ne se déplace pas,6.1
85,Population sédentaire active occupée (15+),1733.0
85,Mode de transport (%) - À pieds,75.7
85,Mode de transport (%) - Motocycle/ Bicyclette,0.8
85,Mode de transport (%) - Voiture privée,2.2
85,Mode de transport (%) - Bus,0.4
85,Mode de transport (%) - Taxi,2.5
85,Mode de transport (%) - Transport de l'employeur / Etablissement,3.5
85,Mode de transport (%) - Train,0.0
85,Mode de transport (%) - Tram,0.0
85,Mode de transport (%) - Transport informel,0.3
85,Mode de transport (%) - Animaux,8.2
85,Mode de transport (%) - Autre,0.3
85,Mode de transport (%) - Ne se déplace pas,6.1
86,Population sédentaire active occupée (15+),1827.0
86,Mode de transport (%) - À pieds,64.4
86,Mode de transport (%) - Motocycle/ Bicyclette,2.4
86,Mode de transport (%) - Voiture privée,0.6
86,Mode de transport (%) - Bus,0.0
86,Mode de transport (%) - Taxi,1.6
86,Mode de transport (%) - Transport de l'employeur / Etablissement,4.0
86,Mode de transport (%) - Train,0.0
86,Mode de transport (%) - Tram,0.0
86,Mode de transport (%) - Transport informel,4.8
86,Mode de transport (%) - Animaux,21.3
86,Mode de transport (%) - Autre,0.2
86,Mode de transport (%) - Ne se déplace pas,0.8
87,Population sédentaire active occupée (15+),3681.0
87,Mode de transport (%) - À pieds,78.2
87,Mode de transport (%) - Motocycle/ Bicyclette,1.0
87,Mode de transport (%) - Voiture privée,1.8
87,Mode de transport (%) - Bus,0.9
87,Mode de transport (%) - Taxi,0.4
87,Mode de transport (%) - Transport de l'employeur / Etablissement,1.3
87,Mode de transport (%) - Train,0.0
87,Mode de transport (%) - Tram,0.0
87,Mode de transport (%) - Transport informel,0.8
87,Mode de transport (%) - Animaux,13.7
87,Mode de transport (%) - Autre,0.6
87,Mode de transport (%) - Ne se déplace pas,1.2
88,Population sédentaire active occupée (15+),1586.0
88,Mode de transport (%) - À pieds,81.6
88,Mode de transport (%) - Motocycle/ Bicyclette,2.0
88,Mode de transport (%) - Voiture privée,5.0
88,Mode de transport (%) - Bus,1.0
88,Mode de transport (%) - Taxi,1.6
88,Mode de transport (%) - Transport de l'employeur / Etablissement,2.1
88,Mode de transport (%) - Train,0.0
88,Mode de transport (%) - Tram,0.0
88,Mode de transport (%) - Transport informel,3.1
88,Mode de transport (%) - Animaux,0.3
88,Mode de transport (%) - Autre,0.1
88,Mode de transport (%) - Ne se déplace pas,3.3
89,Population sédentaire active occupée (15+),794.0
89,Mode de transport (%) - À pieds,74.1
89,Mode de transport (%) - Motocycle/ Bicyclette,1.3
89,Mode de transport (%) - Voiture privée,2.3
89,Mode de transport (%) - Bus,1.8
89,Mode de transport (%) - Taxi,1.6
89,Mode de transport (%) - Transport de l'employeur / Etablissement,1.9
89,Mode de transport (%) - Train,0.0
89,Mode de transport (%) - Tram,0.0
89,Mode de transport (%) - Transport informel,4.4
89,Mode de transport (%) - Animaux,5.2
89,Mode de transport (%) - Autre,0.9
89,Mode de transport (%) - Ne se déplace pas,6.7
90,Population sédentaire active occupée (15+),1762.0
90,Mode de transport (%) - À pieds,57.5
90,Mode de transport (%) - Motocycle/ Bicyclette,1.4
90,Mode de transport (%) - Voiture privée,1.8
90,Mode de transport (%) - Bus,2.9
90,Mode de transport (%) - Taxi,1.6
90,Mode de transport (%) - Transport de l'employeur / Etablissement,2.9
90,Mode de transport (%) - Train,0.0
90,Mode de transport (%) - Tram,0.0
90,Mode de transport (%) - Transport informel,1.3
90,Mode de transport (%) - Animaux,2.6
90,Mode de transport (%) - Autre,0.9
90,Mode de transport (%) - Ne se déplace pas,27.2
91,Population sédentaire active occupée (15+),1987.0
91,Mode de transport (%) - À pieds,69.7
91,Mode de transport (%) - Motocycle/ Bicyclette,1.8
91,Mode de transport (%) - Voiture privée,3.5
91,Mode de transport (%) - Bus,1.0
91,Mode de transport (%) - Taxi,3.3
91,Mode de transport (%) - Transport de l'employeur / Etablissement,2.0
91,Mode de transport (%) - Train,0.0
91,Mode de transport (%) - Tram,0.0
91,Mode de transport (%) - Transport informel,2.6
91,Mode de transport (%) - Animaux,10.6
91,Mode de transport (%) - Autre,0.2
91,Mode de transport (%) - Ne se déplace pas,5.4
92,Population sédentaire active occupée (15+),850.0
92,Mode de transport (%) - À pieds,72.4
92,Mode de transport (%) - Motocycle/ Bicyclette,0.8
92,Mode de transport (%) - Voiture privée,1.5
92,Mode de transport (%) - Bus,0.4
92,Mode de transport (%) - Taxi,2.4
92,Mode de transport (%) - Transport de l'employeur / Etablissement,1.6
92,Mode de transport (%) - Train,0.0
92,Mode de transport (%) - Tram,0.0
92,Mode de transport (%) - Transport informel,0.9
92,Mode de transport (%) - Animaux,17.2
92,Mode de transport (%) - Autre,0.6
92,Mode de transport (%) - Ne se déplace pas,2.2
93,Population sédentaire active occupée (15+),4255.0
93,Mode de transport (%) - À pieds,36.3
93,Mode de transport (%) - Motocycle/ Bicyclette,5.6
93,Mode de transport (%) - Voiture privée,4.7
93,Mode de transport (%) - Bus,6.1
93,Mode de transport (%) - Taxi,17.3
93,Mode de transport (%) - Transport de l'employeur / Etablissement,20.0
93,Mode de transport (%) - Train,0.0
93,Mode de transport (%) - Tram,0.0
93,Mode de transport (%) - Transport informel,1.9
93,Mode de transport (%) - Animaux,0.8
93,Mode de transport (%) - Autre,1.1
93,Mode de transport (%) - Ne se déplace pas,6.2
94,Population sédentaire active occupée (15+),3169.0
94,Mode de transport (%) - À pieds,44.2
94,Mode de transport (%) - Motocycle/ Bicyclette,1.0
94,Mode de transport (%) - Voiture privée,6.9
94,Mode de transport (%) - Bus,0.7
94,Mode de transport (%) - Taxi,5.2
94,Mode de transport (%) - Transport de l'employeur / Etablissement,5.8
94,Mode de transport (%) - Train,0.3
94,Mode de transport (%) - Tram,0.0
94,Mode de transport (%) - Transport informel,14.3
94,Mode de transport (%) - Animaux,5.2
94,Mode de transport (%) - Autre,8.2
94,Mode de transport (%) - Ne se déplace pas,8.3
95,Population sédentaire active occupée (15+),4127.0
95,Mode de transport (%) - À pieds,50.8
95,Mode de transport (%) - Motocycle/ Bicyclette,4.3
95,Mode de transport (%) - Voiture privée,1.5
95,Mode de transport (%) - Bus,3.9
95,Mode de transport (%) - Taxi,8.2
95,Mode de transport (%) - Transport de l'employeur / Etablissement,14.6
95,Mode de transport (%) - Train,0.1
95,Mode de transport (%) - Tram,0.0
95,Mode de transport (%) - Transport informel,4.2
95,Mode de transport (%) - Animaux,2.3
95,Mode de transport (%) - Autre,0.4
95,Mode de transport (%) - Ne se déplace pas,9.6
96,Population sédentaire active occupée (15+),3106.0
96,Mode de transport (%) - À pieds,52.5
96,Mode de transport (%) - Motocycle/ Bicyclette,9.4
96,Mode de transport (%) - Voiture privée,0.7
96,Mode de transport (%) - Bus,1.9
96,Mode de transport (%) - Taxi,12.4
96,Mode de transport (%) - Transport de l'employeur / Etablissement,10.5
96,Mode de transport (%) - Train,0.0
96,Mode de transport (%) - Tram,0.0
96,Mode de transport (%) - Transport informel,4.2
96,Mode de transport (%) - Animaux,3.8
96,Mode de transport (%) - Autre,0.6
96,Mode de transport (%) - Ne se déplace pas,3.8
97,Population sédentaire active occupée (15+),3013.0
97,Mode de transport (%) - À pieds,40.1
97,Mode de transport (%) - Motocycle/ Bicyclette,2.5
97,Mode de transport (%) - Voiture privée,3.8
97,Mode de transport (%) - Bus,1.5
97,Mode de transport (%) - Taxi,6.4
97,Mode de transport (%) - Transport de l'employeur / Etablissement,13.2
97,Mode de transport (%) - Train,0.4
97,Mode de transport (%) - Tram,0.0
97,Mode de transport (%) - Transport informel,10.2
97,Mode de transport (%) - Animaux,7.8
97,Mode de transport (%) - Autre,0.3
97,Mode de transport (%) - Ne se déplace pas,13.7
98,Population sédentaire active occupée (15+),3154.0
98,Mode de transport (%) - À pieds,63.6
98,Mode de transport (%) - Motocycle/ Bicyclette,3.3
98,Mode de transport (%) - Voiture privée,3.3
98,Mode de transport (%) - Bus,2.6
98,Mode de transport (%) - Taxi,6.4
98,Mode de transport (%) - Transport de l'employeur / Etablissement,6.0
98,Mode de transport (%) - Train,0.1
98,Mode de transport (%) - Tram,0.0
98,Mode de transport (%) - Transport informel,8.4
98,Mode de transport (%) - Animaux,2.3
98,Mode de transport (%) - Autre,0.4
98,Mode de transport (%) - Ne se déplace pas,3.5
99,Population sédentaire active occupée (15+),13647.0
99,Mode de transport (%) - À pieds,47.2
99,Mode de transport (%) - Motocycle/ Bicyclette,2.9
99,Mode de transport (%) - Voiture privée,22.9
99,Mode de transport (%) - Bus,0.7
99,Mode de transport (%) - Taxi,15.9
99,Mode de transport (%) - Transport de l'employeur / Etablissement,4.2
99,Mode de transport (%) - Train,0.0
99,Mode de transport (%) - Tram,0.0
99,Mode de transport (%) - Transport informel,0.2
99,Mode de transport (%) - Animaux,0.0
99,Mode de transport (%) - Autre,0.5
99,Mode de transport (%) - Ne se déplace pas,5.3
100,Population sédentaire active occupée (15+),3978.0
100,Mode de transport (%) - À pieds,55.4
100,Mode de transport (%) - Motocycle/ Bicyclette,9.0
100,Mode de transport (%) - Voiture privée,20.1
100,Mode de transport (%) - Bus,0.1
100,Mode de transport (%) - Taxi,6.6
100,Mode de transport (%) - Transport de l'employeur / Etablissement,2.5
100,Mode de transport (%) - Train,0.0
100,Mode de transport (%) - Tram,0.0
100,Mode de transport (%) - Transport informel,0.8
100,Mode de transport (%) - Animaux,0.2
100,Mode de transport (%) - Autre,1.5
100,Mode de transport (%) - Ne se déplace pas,3.8
101,Population sédentaire active occupée (15+),7398.0
101,Mode de transport (%) - À pieds,48.3
101,Mode de transport (%) - Motocycle/ Bicyclette,10.4
101,Mode de transport (%) - Voiture privée,22.1
101,Mode de transport (%) - Bus,0.7
101,Mode de transport (%) - Taxi,8.9
101,Mode de transport (%) - Transport de l'employeur / Etablissement,3.1
101,Mode de transport (%) - Train,0.1
101,Mode de transport (%) - Tram,0.0
101,Mode de transport (%) - Transport informel,1.1
101,Mode de transport (%) - Animaux,0.0
101,Mode de transport (%) - Autre,0.3
101,Mode de transport (%) - Ne se déplace pas,5.0
102,Population sédentaire active occupée (15+),3410.0
102,Mode de transport (%) - À pieds,60.1
102,Mode de transport (%) - Motocycle/ Bicyclette,1.1
102,Mode de transport (%) - Voiture privée,14.0
102,Mode de transport (%) - Bus,1.9
102,Mode de transport (%) - Taxi,2.4
102,Mode de transport (%) - Transport de l'employeur / Etablissement,1.7
102,Mode de transport (%) - Train,0.0
102,Mode de transport (%) - Tram,0.0
102,Mode de transport (%) - Transport informel,11.0
102,Mode de transport (%) - Animaux,0.0
102,Mode de transport (%) - Autre,0.5
102,Mode de transport (%) - Ne se déplace pas,7.3
103,Population sédentaire active occupée (15+),1382.0
103,Mode de transport (%) - À pieds,23.4
103,Mode de transport (%) - Motocycle/ Bicyclette,6.3
103,Mode de transport (%) - Voiture privée,27.4
103,Mode de transport (%) - Bus,2.2
103,Mode de transport (%) - Taxi,23.2
103,Mode de transport (%) - Transport de l'employeur / Etablissement,6.9
103,Mode de transport (%) - Train,0.1
103,Mode de transport (%) - Tram,0.0
103,Mode de transport (%) - Transport informel,0.4
103,Mode de transport (%) - Animaux,0.0
103,Mode de transport (%) - Autre,1.6
103,Mode de transport (%) - Ne se déplace pas,8.5
104,Population sédentaire active occupée (15+),1282.0
104,Mode de transport (%) - À pieds,45.6
104,Mode de transport (%) - Motocycle/ Bicyclette,6.9
104,Mode de transport (%) - Voiture privée,7.6
104,Mode de transport (%) - Bus,6.3
104,Mode de transport (%) - Taxi,7.3
104,Mode de transport (%) - Transport de l'employeur / Etablissement,5.9
104,Mode de transport (%) - Train,0.0
104,Mode de transport (%) - Tram,0.0
104,Mode de transport (%) - Transport informel,8.3
104,Mode de transport (%) - Animaux,2.0
104,Mode de transport (%) - Autre,0.3
104,Mode de transport (%) - Ne se déplace pas,9.8
105,Population sédentaire active occupée (15+),1519.0
105,Mode de transport (%) - À pieds,74.4
105,Mode de transport (%) - Motocycle/ Bicyclette,1.8
105,Mode de transport (%) - Voiture privée,2.8
105,Mode de transport (%) - Bus,0.0
105,Mode de transport (%) - Taxi,2.8
105,Mode de transport (%) - Transport de l'employeur / Etablissement,1.7
105,Mode de transport (%) - Train,0.0
105,Mode de transport (%) - Tram,0.0
105,Mode de transport (%) - Transport informel,2.6
105,Mode de transport (%) - Animaux,5.1
105,Mode de transport (%) - Autre,0.3
105,Mode de transport (%) - Ne se déplace pas,8.4
106,Population sédentaire active occupée (15+),1469.0
106,Mode de transport (%) - À pieds,58.0
106,Mode de transport (%) - Motocycle/ Bicyclette,0.3
106,Mode de transport (%) - Voiture privée,1.8
106,Mode de transport (%) - Bus,0.3
106,Mode de transport (%) - Taxi,0.3
106,Mode de transport (%) - Transport de l'employeur / Etablissement,1.3
106,Mode de transport (%) - Train,0.0
106,Mode de transport (%) - Tram,0.0
106,Mode de transport (%) - Transport informel,15.4
106,Mode de transport (%) - Animaux,2.3
106,Mode de transport (%) - Autre,0.5
106,Mode de transport (%) - Ne se déplace pas,19.7
107,Population sédentaire active occupée (15+),1530.0
107,Mode de transport (%) - À pieds,61.5
107,Mode de transport (%) - Motocycle/ Bicyclette,0.9
107,Mode de transport (%) - Voiture privée,2.9
107,Mode de transport (%) - Bus,0.7
107,Mode de transport (%) - Taxi,0.8
107,Mode de transport (%) - Transport de l'employeur / Etablissement,0.3
107,Mode de transport (%) - Train,0.0
107,Mode de transport (%) - Tram,0.0
107,Mode de transport (%) - Transport informel,3.7
107,Mode de transport (%) - Animaux,7.5
107,Mode de transport (%) - Autre,0.8
107,Mode de transport (%) - Ne se déplace pas,21.0
108,Population sédentaire active occupée (15+),503.0
108,Mode de transport (%) - À pieds,54.1
108,Mode de transport (%) - Motocycle/ Bicyclette,0.6
108,Mode de transport (%) - Voiture privée,3.2
108,Mode de transport (%) - Bus,0.2
108,Mode de transport (%) - Taxi,1.0
108,Mode de transport (%) - Transport de l'employeur / Etablissement,0.4
108,Mode de transport (%) - Train,0.0
108,Mode de transport (%) - Tram,0.0
108,Mode de transport (%) - Transport informel,5.6
108,Mode de transport (%) - Animaux,34.2
108,Mode de transport (%) - Autre,0.2
108,Mode de transport (%) - Ne se déplace pas,0.6
109,Population sédentaire active occupée (15+),721.0
109,Mode de transport (%) - À pieds,66.9
109,Mode de transport (%) - Motocycle/ Bicyclette,2.5
109,Mode de transport (%) - Voiture privée,4.4
109,Mode de transport (%) - Bus,0.3
109,Mode de transport (%) - Taxi,4.7
109,Mode de transport (%) - Transport de l'employeur / Etablissement,3.7
109,Mode de transport (%) - Train,0.0
109,Mode de transport (%) - Tram,0.0
109,Mode de transport (%) - Transport informel,1.5
109,Mode de transport (%) - Animaux,9.4
109,Mode de transport (%) - Autre,0.0
109,Mode de transport (%) - Ne se déplace pas,6.5
110,Population sédentaire active occupée (15+),185.0
110,Mode de transport (%) - À pieds,16.8
110,Mode de transport (%) - Motocycle/ Bicyclette,9.7
110,Mode de transport (%) - Voiture privée,3.2
110,Mode de transport (%) - Bus,0.0
110,Mode de transport (%) - Taxi,8.1
110,Mode de transport (%) - Transport de l'employeur / Etablissement,0.5
110,Mode de transport (%) - Train,0.0
110,Mode de transport (%) - Tram,0.0
110,Mode de transport (%) - Transport informel,37.3
110,Mode de transport (%) - Animaux,2.7
110,Mode de transport (%) - Autre,0.0
110,Mode de transport (%) - Ne se déplace pas,21.6
111,Population sédentaire active occupée (15+),1098.0
111,Mode de transport (%) - À pieds,53.6
111,Mode de transport (%) - Motocycle/ Bicyclette,2.7
111,Mode de transport (%) - Voiture privée,8.3
111,Mode de transport (%) - Bus,1.0
111,Mode de transport (%) - Taxi,22.5
111,Mode de transport (%) - Transport de l'employeur / Etablissement,1.9
111,Mode de transport (%) - Train,0.0
111,Mode de transport (%) - Tram,0.0
111,Mode de transport (%) - Transport informel,4.0
111,Mode de transport (%) - Animaux,0.5
111,Mode de transport (%) - Autre,0.9
111,Mode de transport (%) - Ne se déplace pas,4.6
112,Population sédentaire active occupée (15+),2844.0
112,Mode de transport (%) - À pieds,41.8
112,Mode de transport (%) - Motocycle/ Bicyclette,17.5
112,Mode de transport (%) - Voiture privée,13.3
112,Mode de transport (%) - Bus,1.9
112,Mode de transport (%) - Taxi,11.6
112,Mode de transport (%) - Transport de l'employeur / Etablissement,4.7
112,Mode de transport (%) - Train,0.1
112,Mode de transport (%) - Tram,0.0
112,Mode de transport (%) - Transport informel,2.6
112,Mode de transport (%) - Animaux,0.2
112,Mode de transport (%) - Autre,0.3
112,Mode de transport (%) - Ne se déplace pas,6.0
113,Population sédentaire active occupée (15+),663.0
113,Mode de transport (%) - À pieds,14.5
113,Mode de transport (%) - Motocycle/ Bicyclette,7.5
113,Mode de transport (%) - Voiture privée,16.9
113,Mode de transport (%) - Bus,0.0
113,Mode de transport (%) - Taxi,53.2
113,Mode de transport (%) - Transport de l'employeur / Etablissement,2.3
113,Mode de transport (%) - Train,0.0
113,Mode de transport (%) - Tram,0.0
113,Mode de transport (%) - Transport informel,0.6
113,Mode de transport (%) - Animaux,0.2
113,Mode de transport (%) - Autre,0.0
113,Mode de transport (%) - Ne se déplace pas,4.8
114,Population sédentaire active occupée (15+),782.0
114,Mode de transport (%) - À pieds,35.4
114,Mode de transport (%) - Motocycle/ Bicyclette,7.0
114,Mode de transport (%) - Voiture privée,8.8
114,Mode de transport (%) - Bus,1.5
114,Mode de transport (%) - Taxi,24.4
114,Mode de transport (%) - Transport de l'employeur / Etablissement,4.3
114,Mode de transport (%) - Train,0.0
114,Mode de transport (%) - Tram,0.0
114,Mode de transport (%) - Transport informel,4.9
114,Mode de transport (%) - Animaux,0.5
114,Mode de transport (%) - Autre,3.7
114,Mode de transport (%) - Ne se déplace pas,9.3
115,Population sédentaire active occupée (15+),736.0
115,Mode de transport (%) - À pieds,32.7
115,Mode de transport (%) - Motocycle/ Bicyclette,2.7
115,Mode de transport (%) - Voiture privée,4.2
115,Mode de transport (%) - Bus,4.2
115,Mode de transport (%) - Taxi,0.8
115,Mode de transport (%) - Transport de l'employeur / Etablissement,1.4
115,Mode de transport (%) - Train,0.0
115,Mode de transport (%) - Tram,0.0
115,Mode de transport (%) - Transport informel,7.3
115,Mode de transport (%) - Animaux,35.9
115,Mode de transport (%) - Autre,0.1
115,Mode de transport (%) - Ne se déplace pas,10.6
116,Population sédentaire active occupée (15+),898.0
116,Mode de transport (%) - À pieds,70.6
116,Mode de transport (%) - Motocycle/ Bicyclette,2.2
116,Mode de transport (%) - Voiture privée,6.2
116,Mode de transport (%) - Bus,2.0
116,Mode de transport (%) - Taxi,3.8
116,Mode de transport (%) - Transport de l'employeur / Etablissement,1.1
116,Mode de transport (%) - Train,0.0
116,Mode de transport (%) - Tram,0.0
116,Mode de transport (%) - Transport informel,6.2
116,Mode de transport (%) - Animaux,0.2
116,Mode de transport (%) - Autre,0.3
116,Mode de transport (%) - Ne se déplace pas,7.2
117,Population sédentaire active occupée (15+),471.0
117,Mode de transport (%) - À pieds,45.2
117,Mode de transport (%) - Motocycle/ Bicyclette,3.4
117,Mode de transport (%) - Voiture privée,7.6
117,Mode de transport (%) - Bus,1.3
117,Mode de transport (%) - Taxi,27.4
117,Mode de transport (%) - Transport de l'employeur / Etablissement,3.8
117,Mode de transport (%) - Train,0.0
117,Mode de transport (%) - Tram,0.0
117,Mode de transport (%) - Transport informel,2.3
117,Mode de transport (%) - Animaux,0.4
117,Mode de transport (%) - Autre,0.0
117,Mode de transport (%) - Ne se déplace pas,8.5
118,Population sédentaire active occupée (15+),1269.0
118,Mode de transport (%) - À pieds,27.9
118,Mode de transport (%) - Motocycle/ Bicyclette,7.2
118,Mode de transport (%) - Voiture privée,16.5
118,Mode de transport (%) - Bus,0.5
118,Mode de transport (%) - Taxi,32.9
118,Mode de transport (%) - Transport de l'employeur / Etablissement,3.7
118,Mode de transport (%) - Train,0.0
118,Mode de transport (%) - Tram,0.0
118,Mode de transport (%) - Transport informel,1.4
118,Mode de transport (%) - Animaux,0.0
118,Mode de transport (%) - Autre,0.1
118,Mode de transport (%) - Ne se déplace pas,9.7
119,Population sédentaire active occupée (15+),1201.0
119,Mode de transport (%) - À pieds,36.0
119,Mode de transport (%) - Motocycle/ Bicyclette,5.1
119,Mode de transport (%) - Voiture privée,9.2
119,Mode de transport (%) - Bus,0.3
119,Mode de transport (%) - Taxi,12.9
119,Mode de transport (%) - Transport de l'employeur / Etablissement,3.2
119,Mode de transport (%) - Train,0.0
119,Mode de transport (%) - Tram,0.0
119,Mode de transport (%) - Transport informel,10.3
119,Mode de transport (%) - Animaux,0.2
119,Mode de transport (%) - Autre,1.4
119,Mode de transport (%) - Ne se déplace pas,21.4
120,Population sédentaire active occupée (15+),1049.0
120,Mode de transport (%) - À pieds,43.4
120,Mode de transport (%) - Motocycle/ Bicyclette,4.7
120,Mode de transport (%) - Voiture privée,8.2
120,Mode de transport (%) - Bus,0.9
120,Mode de transport (%) - Taxi,21.0
120,Mode de transport (%) - Transport de l'employeur / Etablissement,4.4
120,Mode de transport (%) - Train,0.1
120,Mode de transport (%) - Tram,0.0
120,Mode de transport (%) - Transport informel,2.3
120,Mode de transport (%) - Animaux,0.2
120,Mode de transport (%) - Autre,1.0
120,Mode de transport (%) - Ne se déplace pas,13.9
121,Population sédentaire active occupée (15+),904.0
121,Mode de transport (%) - À pieds,67.1
121,Mode de transport (%) - Motocycle/ Bicyclette,0.7
121,Mode de transport (%) - Voiture privée,1.9
121,Mode de transport (%) - Bus,0.1
121,Mode de transport (%) - Taxi,0.1
121,Mode de transport (%) - Transport de l'employeur / Etablissement,1.3
121,Mode de transport (%) - Train,0.0
121,Mode de transport (%) - Tram,0.0
121,Mode de transport (%) - Transport informel,0.7
121,Mode de transport (%) - Animaux,8.7
121,Mode de transport (%) - Autre,0.0
121,Mode de transport (%) - Ne se déplace pas,19.4
122,Population sédentaire active occupée (15+),1208.0
122,Mode de transport (%) - À pieds,62.0
122,Mode de transport (%) - Motocycle/ Bicyclette,1.8
122,Mode de transport (%) - Voiture privée,4.1
122,Mode de transport (%) - Bus,0.8
122,Mode de transport (%) - Taxi,0.9
122,Mode de transport (%) - Transport de l'employeur / Etablissement,4.2
122,Mode de transport (%) - Train,0.0
122,Mode de transport (%) - Tram,0.0
122,Mode de transport (%) - Transport informel,2.5
122,Mode de transport (%) - Animaux,2.5
122,Mode de transport (%) - Autre,0.2
122,Mode de transport (%) - Ne se déplace pas,20.9
123,Population sédentaire active occupée (15+),1604.0
123,Mode de transport (%) - À pieds,64.7
123,Mode de transport (%) - Motocycle/ Bicyclette,1.0
123,Mode de transport (%) - Voiture privée,8.9
123,Mode de transport (%) - Bus,1.4
123,Mode de transport (%) - Taxi,2.6
123,Mode de transport (%) - Transport de l'employeur / Etablissement,0.6
123,Mode de transport (%) - Train,0.1
123,Mode de transport (%) - Tram,0.0
123,Mode de transport (%) - Transport informel,11.4
123,Mode de transport (%) - Animaux,1.3
123,Mode de transport (%) - Autre,0.4
123,Mode de transport (%) - Ne se déplace pas,7.7
124,Population sédentaire active occupée (15+),806.0
124,Mode de transport (%) - À pieds,28.3
124,Mode de transport (%) - Motocycle/ Bicyclette,0.6
124,Mode de transport (%) - Voiture privée,7.1
124,Mode de transport (%) - Bus,1.1
124,Mode de transport (%) - Taxi,0.6
124,Mode de transport (%) - Transport de l'employeur / Etablissement,1.5
124,Mode de transport (%) - Train,0.0
124,Mode de transport (%) - Tram,0.0
124,Mode de transport (%) - Transport informel,15.3
124,Mode de transport (%) - Animaux,0.2
124,Mode de transport (%) - Autre,2.6
124,Mode de transport (%) - Ne se déplace pas,42.7
125,Population sédentaire active occupée (15+),1721.0
125,Mode de transport (%) - À pieds,90.4
125,Mode de transport (%) - Motocycle/ Bicyclette,0.3
125,Mode de transport (%) - Voiture privée,0.6
125,Mode de transport (%) - Bus,0.0
125,Mode de transport (%) - Taxi,0.0
125,Mode de transport (%) - Transport de l'employeur / Etablissement,0.8
125,Mode de transport (%) - Train,0.1
125,Mode de transport (%) - Tram,0.0
125,Mode de transport (%) - Transport informel,0.8
125,Mode de transport (%) - Animaux,5.2
125,Mode de transport (%) - Autre,0.0
125,Mode de transport (%) - Ne se déplace pas,1.8
126,Population sédentaire active occupée (15+),1483.0
126,Mode de transport (%) - À pieds,92.2
126,Mode de transport (%) - Motocycle/ Bicyclette,0.1
126,Mode de transport (%) - Voiture privée,1.4
126,Mode de transport (%) - Bus,0.1
126,Mode de transport (%) - Taxi,0.8
126,Mode de transport (%) - Transport de l'employeur / Etablissement,0.6
126,Mode de transport (%) - Train,0.0
126,Mode de transport (%) - Tram,0.0
126,Mode de transport (%) - Transport informel,0.9
126,Mode de transport (%) - Animaux,0.3
126,Mode de transport (%) - Autre,0.1
126,Mode de transport (%) - Ne se déplace pas,3.4
127,Population sédentaire active occupée (15+),2139.0
127,Mode de transport (%) - À pieds,96.7
127,Mode de transport (%) - Motocycle/ Bicyclette,0.4
127,Mode de transport (%) - Voiture privée,0.4
127,Mode de transport (%) - Bus,0.2
127,Mode de transport (%) - Taxi,0.1
127,Mode de transport (%) - Transport de l'employeur / Etablissement,0.6
127,Mode de transport (%) - Train,0.0
127,Mode de transport (%) - Tram,0.0
127,Mode de transport (%) - Transport informel,0.3
127,Mode de transport (%) - Animaux,0.5
127,Mode de transport (%) - Autre,0.0
127,Mode de transport (%) - Ne se déplace pas,0.7
128,Population sédentaire active occupée (15+),2225.0
128,Mode de transport (%) - À pieds,64.4
128,Mode de transport (%) - Motocycle/ Bicyclette,0.5
128,Mode de transport (%) - Voiture privée,1.9
128,Mode de transport (%) - Bus,0.2
128,Mode de transport (%) - Taxi,3.4
128,Mode de transport (%) - Transport de l'employeur / Etablissement,1.1
128,Mode de transport (%) - Train,0.0
128,Mode de transport (%) - Tram,0.0
128,Mode de transport (%) - Transport informel,0.5
128,Mode de transport (%) - Animaux,0.4
128,Mode de transport (%) - Autre,0.0
128,Mode de transport (%) - Ne se déplace pas,27.6
129,Population sédentaire active occupée (15+),3232.0
129,Mode de transport (%) - À pieds,84.4
129,Mode de transport (%) - Motocycle/ Bicyclette,0.3
129,Mode de transport (%) - Voiture privée,1.6
129,Mode de transport (%) - Bus,0.9
129,Mode de transport (%) - Taxi,1.6
129,Mode de transport (%) - Transport de l'employeur / Etablissement,0.2
129,Mode de transport (%) - Train,0.0
129,Mode de transport (%) - Tram,0.0
129,Mode de transport (%) - Transport informel,1.4
129,Mode de transport (%) - Animaux,3.5
129,Mode de transport (%) - Autre,0.2
129,Mode de transport (%) - Ne se déplace pas,5.9
130,Population sédentaire active occupée (15+),966.0
130,Mode de transport (%) - À pieds,81.8
130,Mode de transport (%) - Motocycle/ Bicyclette,0.5
130,Mode de transport (%) - Voiture privée,4.6
130,Mode de transport (%) - Bus,0.4
130,Mode de transport (%) - Taxi,2.3
130,Mode de transport (%) - Transport de l'employeur / Etablissement,1.1
130,Mode de transport (%) - Train,0.1
130,Mode de transport (%) - Tram,0.0
130,Mode de transport (%) - Transport informel,0.3
130,Mode de transport (%) - Animaux,0.0
130,Mode de transport (%) - Autre,1.6
130,Mode de transport (%) - Ne se déplace pas,7.3
131,Population sédentaire active occupée (15+),4139.0
131,Mode de transport (%) - À pieds,81.7
131,Mode de transport (%) - Motocycle/ Bicyclette,0.5
131,Mode de transport (%) - Voiture privée,6.0
131,Mode de transport (%) - Bus,1.3
131,Mode de transport (%) - Taxi,3.5
131,Mode de transport (%) - Transport de l'employeur / Etablissement,1.4
131,Mode de transport (%) - Train,0.0
131,Mode de transport (%) - Tram,0.0
131,Mode de transport (%) - Transport informel,2.3
131,Mode de transport (%) - Animaux,0.0
131,Mode de transport (%) - Autre,0.2
131,Mode de transport (%) - Ne se déplace pas,3.3
132,Population sédentaire active occupée (15+),1912.0
132,Mode de transport (%) - À pieds,90.3
132,Mode de transport (%) - Motocycle/ Bicyclette,0.4
132,Mode de transport (%) - Voiture privée,2.2
132,Mode de transport (%) - Bus,0.2
132,Mode de transport (%) - Taxi,0.4
132,Mode de transport (%) - Transport de l'employeur / Etablissement,0.6
132,Mode de transport (%) - Train,0.0
132,Mode de transport (%) - Tram,0.0
132,Mode de transport (%) - Transport informel,2.4
132,Mode de transport (%) - Animaux,1.3
132,Mode de transport (%) - Autre,0.2
132,Mode de transport (%) - Ne se déplace pas,2.1
133,Population sédentaire active occupée (15+),163.0
133,Mode de transport (%) - À pieds,77.9
133,Mode de transport (%) - Motocycle/ Bicyclette,1.2
133,Mode de transport (%) - Voiture privée,4.3
133,Mode de transport (%) - Bus,0.6
133,Mode de transport (%) - Taxi,1.2
133,Mode de transport (%) - Transport de l'employeur / Etablissement,1.2
133,Mode de transport (%) - Train,0.0
133,Mode de transport (%) - Tram,0.0
133,Mode de transport (%) - Transport informel,1.8
133,Mode de transport (%) - Animaux,3.1
133,Mode de transport (%) - Autre,1.8
133,Mode de transport (%) - Ne se déplace pas,6.7
134,Population sédentaire active occupée (15+),6695.0
134,Mode de transport (%) - À pieds,76.6
134,Mode de transport (%) - Motocycle/ Bicyclette,0.5
134,Mode de transport (%) - Voiture privée,2.6
134,Mode de transport (%) - Bus,0.8
134,Mode de transport (%) - Taxi,1.0
134,Mode de transport (%) - Transport de l'employeur / Etablissement,0.8
134,Mode de transport (%) - Train,0.0
134,Mode de transport (%) - Tram,0.0
134,Mode de transport (%) - Transport informel,0.2
134,Mode de transport (%) - Animaux,3.7
134,Mode de transport (%) - Autre,0.2
134,Mode de transport (%) - Ne se déplace pas,13.6
135,Population sédentaire active occupée (15+),12949.0
135,Mode de transport (%) - À pieds,64.6
135,Mode de transport (%) - Motocycle/ Bicyclette,2.1
135,Mode de transport (%) - Voiture privée,13.0
135,Mode de transport (%) - Bus,0.9
135,Mode de transport (%) - Taxi,10.9
135,Mode de transport (%) - Transport de l'employeur / Etablissement,2.6
135,Mode de transport (%) - Train,0.1
135,Mode de transport (%) - Tram,0.0
135,Mode de transport (%) - Transport informel,1.2
135,Mode de transport (%) - Animaux,0.0
135,Mode de transport (%) - Autre,0.2
135,Mode de transport (%) - Ne se déplace pas,4.3
136,Population sédentaire active occupée (15+),6062.0
136,Mode de transport (%) - À pieds,87.5
136,Mode de transport (%) - Motocycle/ Bicyclette,0.2
136,Mode de transport (%) - Voiture privée,1.9
136,Mode de transport (%) - Bus,0.3
136,Mode de transport (%) - Taxi,1.4
136,Mode de transport (%) - Transport de l'employeur / Etablissement,1.2
136,Mode de transport (%) - Train,0.0
136,Mode de transport (%) - Tram,0.0
136,Mode de transport (%) - Transport informel,2.6
136,Mode de transport (%) - Animaux,0.3
136,Mode de transport (%) - Autre,0.0
136,Mode de transport (%) - Ne se déplace pas,4.6
137,Population sédentaire active occupée (15+),5472.0
137,Mode de transport (%) - À pieds,65.9
137,Mode de transport (%) - Motocycle/ Bicyclette,0.0
137,Mode de transport (%) - Voiture privée,1.3
137,Mode de transport (%) - Bus,0.4
137,Mode de transport (%) - Taxi,2.3
137,Mode de transport (%) - Transport de l'employeur / Etablissement,1.3
137,Mode de transport (%) - Train,0.0
137,Mode de transport (%) - Tram,0.0
137,Mode de transport (%) - Transport informel,1.8
137,Mode de transport (%) - Animaux,1.8
137,Mode de transport (%) - Autre,0.2
137,Mode de transport (%) - Ne se déplace pas,25.1
138,Population sédentaire active occupée (15+),6456.0
138,Mode de transport (%) - À pieds,77.5
138,Mode de transport (%) - Motocycle/ Bicyclette,0.1
138,Mode de transport (%) - Voiture privée,0.8
138,Mode de transport (%) - Bus,1.2
138,Mode de transport (%) - Taxi,0.6
138,Mode de transport (%) - Transport de l'employeur / Etablissement,0.6
138,Mode de transport (%) - Train,0.0
138,Mode de transport (%) - Tram,0.0
138,Mode de transport (%) - Transport informel,0.7
138,Mode de transport (%) - Animaux,0.6
138,Mode de transport (%) - Autre,0.2
138,Mode de transport (%) - Ne se déplace pas,17.6
139,Population sédentaire active occupée (15+),2398.0
139,Mode de transport (%) - À pieds,68.9
139,Mode de transport (%) - Motocycle/ Bicyclette,0.4
139,Mode de transport (%) - Voiture privée,2.1
139,Mode de transport (%) - Bus,1.1
139,Mode de transport (%) - Taxi,1.5
139,Mode de transport (%) - Transport de l'employeur / Etablissement,1.4
139,Mode de transport (%) - Train,0.0
139,Mode de transport (%) - Tram,0.0
139,Mode de transport (%) - Transport informel,10.9
139,Mode de transport (%) - Animaux,7.0
139,Mode de transport (%) - Autre,0.1
139,Mode de transport (%) - Ne se déplace pas,6.7
140,Population sédentaire active occupée (15+),2200.0
140,Mode de transport (%) - À pieds,80.7
140,Mode de transport (%) - Motocycle/ Bicyclette,0.8
140,Mode de transport (%) - Voiture privée,4.5
140,Mode de transport (%) - Bus,1.1
140,Mode de transport (%) - Taxi,1.7
140,Mode de transport (%) - Transport de l'employeur / Etablissement,1.8
140,Mode de transport (%) - Train,0.0
140,Mode de transport (%) - Tram,0.0
140,Mode de transport (%) - Transport informel,2.9
140,Mode de transport (%) - Animaux,3.5
140,Mode de transport (%) - Autre,0.2
140,Mode de transport (%) - Ne se déplace pas,2.8
141,Population sédentaire active occupée (15+),3739.0
141,Mode de transport (%) - À pieds,81.1
141,Mode de transport (%) - Motocycle/ Bicyclette,0.0
141,Mode de transport (%) - Voiture privée,2.3
141,Mode de transport (%) - Bus,2.1
141,Mode de transport (%) - Taxi,0.1
141,Mode de transport (%) - Transport de l'employeur / Etablissement,1.3
141,Mode de transport (%) - Train,0.0
141,Mode de transport (%) - Tram,0.0
141,Mode de transport (%) - Transport informel,2.0
141,Mode de transport (%) - Animaux,1.1
141,Mode de transport (%) - Autre,0.0
141,Mode de transport (%) - Ne se déplace pas,9.9
142,Population sédentaire active occupée (15+),4358.0
142,Mode de transport (%) - À pieds,79.1
142,Mode de transport (%) - Motocycle/ Bicyclette,0.1
142,Mode de transport (%) - Voiture privée,3.5
142,Mode de transport (%) - Bus,0.0
142,Mode de transport (%) - Taxi,2.7
142,Mode de transport (%) - Transport de l'employeur / Etablissement,0.6
142,Mode de transport (%) - Train,0.0
142,Mode de transport (%) - Tram,0.0
142,Mode de transport (%) - Transport informel,3.9
142,Mode de transport (%) - Animaux,1.7
142,Mode de transport (%) - Autre,0.4
142,Mode de transport (%) - Ne se déplace pas,7.9
143,Population sédentaire active occupée (15+),3630.0
143,Mode de transport (%) - À pieds,81.5
143,Mode de transport (%) - Motocycle/ Bicyclette,0.6
143,Mode de transport (%) - Voiture privée,0.4
143,Mode de transport (%) - Bus,0.7
143,Mode de transport (%) - Taxi,1.6
143,Mode de transport (%) - Transport de l'employeur / Etablissement,0.5
143,Mode de transport (%) - Train,0.0
143,Mode de transport (%) - Tram,0.0
143,Mode de transport (%) - Transport informel,4.2
143,Mode de transport (%) - Animaux,6.2
143,Mode de transport (%) - Autre,0.6
143,Mode de transport (%) - Ne se déplace pas,3.7
144,Population sédentaire active occupée (15+),2819.0
144,Mode de transport (%) - À pieds,65.3
144,Mode de transport (%) - Motocycle/ Bicyclette,0.7
144,Mode de transport (%) - Voiture privée,5.9
144,Mode de transport (%) - Bus,0.2
144,Mode de transport (%) - Taxi,0.9
144,Mode de transport (%) - Transport de l'employeur / Etablissement,1.4
144,Mode de transport (%) - Train,0.0
144,Mode de transport (%) - Tram,0.0
144,Mode de transport (%) - Transport informel,9.2
144,Mode de transport (%) - Animaux,9.7
144,Mode de transport (%) - Autre,0.0
144,Mode de transport (%) - Ne se déplace pas,6.6
145,Population sédentaire active occupée (15+),2773.0
145,Mode de transport (%) - À pieds,63.3
145,Mode de transport (%) - Motocycle/ Bicyclette,0.5
145,Mode de transport (%) - Voiture privée,1.9
145,Mode de transport (%) - Bus,1.5
145,Mode de transport (%) - Taxi,1.0
145,Mode de transport (%) - Transport de l'employeur / Etablissement,0.2
145,Mode de transport (%) - Train,0.0
145,Mode de transport (%) - Tram,0.0
145,Mode de transport (%) - Transport informel,5.1
145,Mode de transport (%) - Animaux,21.4
145,Mode de transport (%) - Autre,0.5
145,Mode de transport (%) - Ne se déplace pas,4.7
146,Population sédentaire active occupée (15+),3503.0
146,Mode de transport (%) - À pieds,61.2
146,Mode de transport (%) - Motocycle/ Bicyclette,0.1
146,Mode de transport (%) - Voiture privée,2.1
146,Mode de transport (%) - Bus,0.0
146,Mode de transport (%) - Taxi,0.3
146,Mode de transport (%) - Transport de l'employeur / Etablissement,1.5
146,Mode de transport (%) - Train,0.0
146,Mode de transport (%) - Tram,0.0
146,Mode de transport (%) - Transport informel,3.4
146,Mode de transport (%) - Animaux,25.4
146,Mode de transport (%) - Autre,0.1
146,Mode de transport (%) - Ne se déplace pas,5.9
147,Population sédentaire active occupée (15+),4259.0
147,Mode de transport (%) - À pieds,71.4
147,Mode de transport (%) - Motocycle/ Bicyclette,0.1
147,Mode de transport (%) - Voiture privée,0.5
147,Mode de transport (%) - Bus,0.2
147,Mode de transport (%) - Taxi,0.7
147,Mode de transport (%) - Transport de l'employeur / Etablissement,1.1
147,Mode de transport (%) - Train,0.0
147,Mode de transport (%) - Tram,0.0
147,Mode de transport (%) - Transport informel,2.2
147,Mode de transport (%) - Animaux,19.5
147,Mode de transport (%) - Autre,0.2
147,Mode de transport (%) - Ne se déplace pas,4.0
148,Population sédentaire active occupée (15+),7864.0
148,Mode de transport (%) - À pieds,82.8
148,Mode de transport (%) - Motocycle/ Bicyclette,0.4
148,Mode de transport (%) - Voiture privée,3.6
148,Mode de transport (%) - Bus,0.4
148,Mode de transport (%) - Taxi,2.2
148,Mode de transport (%) - Transport de l'employeur / Etablissement,1.3
148,Mode de transport (%) - Train,0.0
148,Mode de transport (%) - Tram,0.0
148,Mode de transport (%) - Transport informel,5.3
148,Mode de transport (%) - Animaux,0.8
148,Mode de transport (%) - Autre,0.1
148,Mode de transport (%) - Ne se déplace pas,3.3
149,Population sédentaire active occupée (15+),2475.0
149,Mode de transport (%) - À pieds,89.6
149,Mode de transport (%) - Motocycle/ Bicyclette,0.2
149,Mode de transport (%) - Voiture privée,1.3
149,Mode de transport (%) - Bus,0.1
149,Mode de transport (%) - Taxi,0.3
149,Mode de transport (%) - Transport de l'employeur / Etablissement,0.4
149,Mode de transport (%) - Train,0.0
149,Mode de transport (%) - Tram,0.0
149,Mode de transport (%) - Transport informel,0.7
149,Mode de transport (%) - Animaux,0.2
149,Mode de transport (%) - Autre,0.1
149,Mode de transport (%) - Ne se déplace pas,7.2
150,Population sédentaire active occupée (15+),3682.0
150,Mode de transport (%) - À pieds,81.3
150,Mode de transport (%) - Motocycle/ Bicyclette,0.1
150,Mode de transport (%) - Voiture privée,1.7
150,Mode de transport (%) - Bus,1.5
150,Mode de transport (%) - Taxi,1.2
150,Mode de transport (%) - Transport de l'employeur / Etablissement,0.4
150,Mode de transport (%) - Train,0.0
150,Mode de transport (%) - Tram,0.0
150,Mode de transport (%) - Transport informel,5.7
150,Mode de transport (%) - Animaux,5.1
150,Mode de transport (%) - Autre,0.0
150,Mode de transport (%) - Ne se déplace pas,3.1
151,Population sédentaire active occupée (15+),1726.0
151,Mode de transport (%) - À pieds,83.1
151,Mode de transport (%) - Motocycle/ Bicyclette,0.3
151,Mode de transport (%) - Voiture privée,1.9
151,Mode de transport (%) - Bus,0.6
151,Mode de transport (%) - Taxi,0.2
151,Mode de transport (%) - Transport de l'employeur / Etablissement,0.8
151,Mode de transport (%) - Train,0.0
151,Mode de transport (%) - Tram,0.0
151,Mode de transport (%) - Transport informel,1.2
151,Mode de transport (%) - Animaux,3.8
151,Mode de transport (%) - Autre,0.1
151,Mode de transport (%) - Ne se déplace pas,8.1
152,Population sédentaire active occupée (15+),1701.0
152,Mode de transport (%) - À pieds,72.5
152,Mode de transport (%) - Motocycle/ Bicyclette,0.4
152,Mode de transport (%) - Voiture privée,2.5
152,Mode de transport (%) - Bus,0.8
152,Mode de transport (%) - Taxi,0.8
152,Mode de transport (%) - Transport de l'employeur / Etablissement,2.5
152,Mode de transport (%) - Train,0.0
152,Mode de transport (%) - Tram,0.0
152,Mode de transport (%) - Transport informel,1.7
152,Mode de transport (%) - Animaux,17.1
152,Mode de transport (%) - Autre,0.1
152,Mode de transport (%) - Ne se déplace pas,1.7
153,Population sédentaire active occupée (15+),3625.0
153,Mode de transport (%) - À pieds,84.7
153,Mode de transport (%) - Motocycle/ Bicyclette,1.0
153,Mode de transport (%) - Voiture privée,2.0
153,Mode de transport (%) - Bus,0.4
153,Mode de transport (%) - Taxi,3.7
153,Mode de transport (%) - Transport de l'employeur / Etablissement,0.3
153,Mode de transport (%) - Train,0.0
153,Mode de transport (%) - Tram,0.0
153,Mode de transport (%) - Transport informel,2.3
153,Mode de transport (%) - Animaux,0.4
153,Mode de transport (%) - Autre,0.1
153,Mode de transport (%) - Ne se déplace pas,5.1
154,Population sédentaire active occupée (15+),1915.0
154,Mode de transport (%) - À pieds,63.2
154,Mode de transport (%) - Motocycle/ Bicyclette,1.0
154,Mode de transport (%) - Voiture privée,2.3
154,Mode de transport (%) - Bus,0.2
154,Mode de transport (%) - Taxi,2.4
154,Mode de transport (%) - Transport de l'employeur / Etablissement,1.9
154,Mode de transport (%) - Train,0.0
154,Mode de transport (%) - Tram,0.0
154,Mode de transport (%) - Transport informel,2.0
154,Mode de transport (%) - Animaux,6.6
154,Mode de transport (%) - Autre,0.1
154,Mode de transport (%) - Ne se déplace pas,20.3
155,Population sédentaire active occupée (15+),1806.0
155,Mode de transport (%) - À pieds,77.1
155,Mode de transport (%) - Motocycle/ Bicyclette,0.7
155,Mode de transport (%) - Voiture privée,3.9
155,Mode de transport (%) - Bus,1.1
155,Mode de transport (%) - Taxi,1.9
155,Mode de transport (%) - Transport de l'employeur / Etablissement,1.2
155,Mode de transport (%) - Train,0.0
155,Mode de transport (%) - Tram,0.0
155,Mode de transport (%) - Transport informel,5.3
155,Mode de transport (%) - Animaux,6.6
155,Mode de transport (%) - Autre,0.0
155,Mode de transport (%) - Ne se déplace pas,2.2
156,Population sédentaire active occupée (15+),5302.0
156,Mode de transport (%) - À pieds,70.4
156,Mode de transport (%) - Motocycle/ Bicyclette,0.1
156,Mode de transport (%) - Voiture privée,0.8
156,Mode de transport (%) - Bus,1.0
156,Mode de transport (%) - Taxi,0.8
156,Mode de transport (%) - Transport de l'employeur / Etablissement,0.5
156,Mode de transport (%) - Train,0.0
156,Mode de transport (%) - Tram,0.0
156,Mode de transport (%) - Transport informel,3.7
156,Mode de transport (%) - Animaux,4.9
156,Mode de transport (%) - Autre,0.3
156,Mode de transport (%) - Ne se déplace pas,17.4
157,Population sédentaire active occupée (15+),4067.0
157,Mode de transport (%) - À pieds,49.3
157,Mode de transport (%) - Motocycle/ Bicyclette,0.0
157,Mode de transport (%) - Voiture privée,0.3
157,Mode de transport (%) - Bus,0.1
157,Mode de transport (%) - Taxi,0.1
157,Mode de transport (%) - Transport de l'employeur / Etablissement,0.9
157,Mode de transport (%) - Train,0.0
157,Mode de transport (%) - Tram,0.0
157,Mode de transport (%) - Transport informel,17.0
157,Mode de transport (%) - Animaux,11.5
157,Mode de transport (%) - Autre,0.3
157,Mode de transport (%) - Ne se déplace pas,20.4
158,Population sédentaire active occupée (15+),4402.0
158,Mode de transport (%) - À pieds,67.8
158,Mode de transport (%) - Motocycle/ Bicyclette,2.0
158,Mode de transport (%) - Voiture privée,1.9
158,Mode de transport (%) - Bus,1.9
158,Mode de transport (%) - Taxi,8.9
158,Mode de transport (%) - Transport de l'employeur / Etablissement,0.6
158,Mode de transport (%) - Train,0.0
158,Mode de transport (%) - Tram,0.0
158,Mode de transport (%) - Transport informel,3.7
158,Mode de transport (%) - Animaux,0.5
158,Mode de transport (%) - Autre,0.0
158,Mode de transport (%) - Ne se déplace pas,12.7
159,Population sédentaire active occupée (15+),2498.0
159,Mode de transport (%) - À pieds,41.0
159,Mode de transport (%) - Motocycle/ Bicyclette,4.2
159,Mode de transport (%) - Voiture privée,4.6
159,Mode de transport (%) - Bus,0.5
159,Mode de transport (%) - Taxi,3.1
159,Mode de transport (%) - Transport de l'employeur / Etablissement,1.4
159,Mode de transport (%) - Train,0.0
159,Mode de transport (%) - Tram,0.0
159,Mode de transport (%) - Transport informel,4.9
159,Mode de transport (%) - Animaux,0.4
159,Mode de transport (%) - Autre,0.2
159,Mode de transport (%) - Ne se déplace pas,39.8
160,Population sédentaire active occupée (15+),2815.0
160,Mode de transport (%) - À pieds,51.1
160,Mode de transport (%) - Motocycle/ Bicyclette,7.0
160,Mode de transport (%) - Voiture privée,3.4
160,Mode de transport (%) - Bus,1.4
160,Mode de transport (%) - Taxi,11.3
160,Mode de transport (%) - Transport de l'employeur / Etablissement,0.5
160,Mode de transport (%) - Train,0.0
160,Mode de transport (%) - Tram,0.0
160,Mode de transport (%) - Transport informel,5.2
160,Mode de transport (%) - Animaux,0.4
160,Mode de transport (%) - Autre,0.2
160,Mode de transport (%) - Ne se déplace pas,19.5
161,Population sédentaire active occupée (15+),1618.0
161,Mode de transport (%) - À pieds,80.6
161,Mode de transport (%) - Motocycle/ Bicyclette,3.9
161,Mode de transport (%) - Voiture privée,1.2
161,Mode de transport (%) - Bus,0.8
161,Mode de transport (%) - Taxi,1.4
161,Mode de transport (%) - Transport de l'employeur / Etablissement,1.1
161,Mode de transport (%) - Train,0.1
161,Mode de transport (%) - Tram,0.0
161,Mode de transport (%) - Transport informel,1.6
161,Mode de transport (%) - Animaux,1.1
161,Mode de transport (%) - Autre,0.4
161,Mode de transport (%) - Ne se déplace pas,7.9
162,Population sédentaire active occupée (15+),2617.0
162,Mode de transport (%) - À pieds,61.6
162,Mode de transport (%) - Motocycle/ Bicyclette,0.6
162,Mode de transport (%) - Voiture privée,0.8
162,Mode de transport (%) - Bus,0.5
162,Mode de transport (%) - Taxi,0.5
162,Mode de transport (%) - Transport de l'employeur / Etablissement,0.2
162,Mode de transport (%) - Train,0.0
162,Mode de transport (%) - Tram,0.0
162,Mode de transport (%) - Transport informel,2.6
162,Mode de transport (%) - Animaux,1.3
162,Mode de transport (%) - Autre,0.0
162,Mode de transport (%) - Ne se déplace pas,31.9
163,Population sédentaire active occupée (15+),13235.0
163,Mode de transport (%) - À pieds,64.7
163,Mode de transport (%) - Motocycle/ Bicyclette,1.7
163,Mode de transport (%) - Voiture privée,12.3
163,Mode de transport (%) - Bus,1.7
163,Mode de transport (%) - Taxi,8.6
163,Mode de transport (%) - Transport de l'employeur / Etablissement,4.2
163,Mode de transport (%) - Train,0.1
163,Mode de transport (%) - Tram,0.0
163,Mode de transport (%) - Transport informel,1.2
163,Mode de transport (%) - Animaux,0.2
163,Mode de transport (%) - Autre,0.9
163,Mode de transport (%) - Ne se déplace pas,4.6
164,Population sédentaire active occupée (15+),1230.0
164,Mode de transport (%) - À pieds,57.4
164,Mode de transport (%) - Motocycle/ Bicyclette,0.5
164,Mode de transport (%) - Voiture privée,1.6
164,Mode de transport (%) - Bus,4.7
164,Mode de transport (%) - Taxi,4.5
164,Mode de transport (%) - Transport de l'employeur / Etablissement,6.3
164,Mode de transport (%) - Train,0.0
164,Mode de transport (%) - Tram,0.0
164,Mode de transport (%) - Transport informel,4.1
164,Mode de transport (%) - Animaux,15.7
164,Mode de transport (%) - Autre,0.5
164,Mode de transport (%) - Ne se déplace pas,4.7
165,Population sédentaire active occupée (15+),2628.0
165,Mode de transport (%) - À pieds,41.0
165,Mode de transport (%) - Motocycle/ Bicyclette,1.8
165,Mode de transport (%) - Voiture privée,2.5
165,Mode de transport (%) - Bus,5.7
165,Mode de transport (%) - Taxi,6.3
165,Mode de transport (%) - Transport de l'employeur / Etablissement,5.8
165,Mode de transport (%) - Train,0.0
165,Mode de transport (%) - Tram,0.0
165,Mode de transport (%) - Transport informel,6.5
165,Mode de transport (%) - Animaux,13.4
165,Mode de transport (%) - Autre,0.0
165,Mode de transport (%) - Ne se déplace pas,16.8
166,Population sédentaire active occupée (15+),3279.0
166,Mode de transport (%) - À pieds,63.3
166,Mode de transport (%) - Motocycle/ Bicyclette,1.2
166,Mode de transport (%) - Voiture privée,6.5
166,Mode de transport (%) - Bus,0.5
166,Mode de transport (%) - Taxi,4.7
166,Mode de transport (%) - Transport de l'employeur / Etablissement,1.4
166,Mode de transport (%) - Train,0.0
166,Mode de transport (%) - Tram,0.0
166,Mode de transport (%) - Transport informel,6.0
166,Mode de transport (%) - Animaux,4.1
166,Mode de transport (%) - Autre,0.5
166,Mode de transport (%) - Ne se déplace pas,11.8
167,Population sédentaire active occupée (15+),2075.0
167,Mode de transport (%) - À pieds,36.8
167,Mode de transport (%) - Motocycle/ Bicyclette,2.6
167,Mode de transport (%) - Voiture privée,3.2
167,Mode de transport (%) - Bus,4.0
167,Mode de transport (%) - Taxi,7.6
167,Mode de transport (%) - Transport de l'employeur / Etablissement,3.3
167,Mode de transport (%) - Train,0.0
167,Mode de transport (%) - Tram,0.0
167,Mode de transport (%) - Transport informel,24.5
167,Mode de transport (%) - Animaux,12.1
167,Mode de transport (%) - Autre,1.5
167,Mode de transport (%) - Ne se déplace pas,4.5
168,Population sédentaire active occupée (15+),1106.0
168,Mode de transport (%) - À pieds,59.4
168,Mode de transport (%) - Motocycle/ Bicyclette,3.3
168,Mode de transport (%) - Voiture privée,11.5
168,Mode de transport (%) - Bus,2.3
168,Mode de transport (%) - Taxi,8.0
168,Mode de transport (%) - Transport de l'employeur / Etablissement,1.9
168,Mode de transport (%) - Train,0.0
168,Mode de transport (%) - Tram,0.0
168,Mode de transport (%) - Transport informel,4.4
168,Mode de transport (%) - Animaux,0.8
168,Mode de transport (%) - Autre,0.0
168,Mode de transport (%) - Ne se déplace pas,8.5
169,Population sédentaire active occupée (15+),1199.0
169,Mode de transport (%) - À pieds,37.6
169,Mode de transport (%) - Motocycle/ Bicyclette,4.6
169,Mode de transport (%) - Voiture privée,8.3
169,Mode de transport (%) - Bus,2.1
169,Mode de transport (%) - Taxi,2.4
169,Mode de transport (%) - Transport de l'employeur / Etablissement,4.0
169,Mode de transport (%) - Train,0.0
169,Mode de transport (%) - Tram,0.0
169,Mode de transport (%) - Transport informel,11.9
169,Mode de transport (%) - Animaux,2.2
169,Mode de transport (%) - Autre,3.0
169,Mode de transport (%) - Ne se déplace pas,23.8
170,Population sédentaire active occupée (15+),2318.0
170,Mode de transport (%) - À pieds,61.1
170,Mode de transport (%) - Motocycle/ Bicyclette,1.3
170,Mode de transport (%) - Voiture privée,1.9
170,Mode de transport (%) - Bus,3.3
170,Mode de transport (%) - Taxi,4.0
170,Mode de transport (%) - Transport de l'employeur / Etablissement,1.8
170,Mode de transport (%) - Train,0.0
170,Mode de transport (%) - Tram,0.0
170,Mode de transport (%) - Transport informel,3.9
170,Mode de transport (%) - Animaux,9.4
170,Mode de transport (%) - Autre,0.5
170,Mode de transport (%) - Ne se déplace pas,12.9
171,Population sédentaire active occupée (15+),3136.0
171,Mode de transport (%) - À pieds,56.3
171,Mode de transport (%) - Motocycle/ Bicyclette,2.5
171,Mode de transport (%) - Voiture privée,9.1
171,Mode de transport (%) - Bus,0.4
171,Mode de transport (%) - Taxi,5.5
171,Mode de transport (%) - Transport de l'employeur / Etablissement,2.4
171,Mode de transport (%) - Train,0.0
171,Mode de transport (%) - Tram,0.0
171,Mode de transport (%) - Transport informel,13.4
171,Mode de transport (%) - Animaux,0.5
171,Mode de transport (%) - Autre,1.4
171,Mode de transport (%) - Ne se déplace pas,8.4
172,Population sédentaire active occupée (15+),1256.0
172,Mode de transport (%) - À pieds,52.6
172,Mode de transport (%) - Motocycle/ Bicyclette,2.3
172,Mode de transport (%) - Voiture privée,6.4
172,Mode de transport (%) - Bus,0.9
172,Mode de transport (%) - Taxi,3.6
172,Mode de transport (%) - Transport de l'employeur / Etablissement,3.5
172,Mode de transport (%) - Train,0.0
172,Mode de transport (%) - Tram,0.0
172,Mode de transport (%) - Transport informel,14.2
172,Mode de transport (%) - Animaux,4.5
172,Mode de transport (%) - Autre,5.3
172,Mode de transport (%) - Ne se déplace pas,6.8
173,Population sédentaire active occupée (15+),1126.0
173,Mode de transport (%) - À pieds,59.7
173,Mode de transport (%) - Motocycle/ Bicyclette,1.1
173,Mode de transport (%) - Voiture privée,3.6
173,Mode de transport (%) - Bus,1.6
173,Mode de transport (%) - Taxi,8.4
173,Mode de transport (%) - Transport de l'employeur / Etablissement,5.1
173,Mode de transport (%) - Train,0.0
173,Mode de transport (%) - Tram,0.0
173,Mode de transport (%) - Transport informel,1.9
173,Mode de transport (%) - Animaux,6.1
173,Mode de transport (%) - Autre,0.8
173,Mode de transport (%) - Ne se déplace pas,11.8
174,Population sédentaire active occupée (15+),1615.0
174,Mode de transport (%) - À pieds,76.7
174,Mode de transport (%) - Motocycle/ Bicyclette,0.5
174,Mode de transport (%) - Voiture privée,3.3
174,Mode de transport (%) - Bus,0.3
174,Mode de transport (%) - Taxi,2.6
174,Mode de transport (%) - Transport de l'employeur / Etablissement,1.3
174,Mode de transport (%) - Train,0.0
174,Mode de transport (%) - Tram,0.0
174,Mode de transport (%) - Transport informel,2.0
174,Mode de transport (%) - Animaux,6.8
174,Mode de transport (%) - Autre,0.0
174,Mode de transport (%) - Ne se déplace pas,6.5
175,Population sédentaire active occupée (15+),2406.0
175,Mode de transport (%) - À pieds,53.1
175,Mode de transport (%) - Motocycle/ Bicyclette,1.5
175,Mode de transport (%) - Voiture privée,2.8
175,Mode de transport (%) - Bus,0.5
175,Mode de transport (%) - Taxi,2.6
175,Mode de transport (%) - Transport de l'employeur / Etablissement,4.2
175,Mode de transport (%) - Train,0.0
175,Mode de transport (%) - Tram,0.0
175,Mode de transport (%) - Transport informel,1.9
175,Mode de transport (%) - Animaux,29.5
175,Mode de transport (%) - Autre,0.2
175,Mode de transport (%) - Ne se déplace pas,3.5
176,Population sédentaire active occupée (15+),2092.0
176,Mode de transport (%) - À pieds,73.2
176,Mode de transport (%) - Motocycle/ Bicyclette,0.9
176,Mode de transport (%) - Voiture privée,3.1
176,Mode de transport (%) - Bus,0.4
176,Mode de transport (%) - Taxi,0.6
176,Mode de transport (%) - Transport de l'employeur / Etablissement,1.5
176,Mode de transport (%) - Train,0.0
176,Mode de transport (%) - Tram,0.0
176,Mode de transport (%) - Transport informel,3.2
176,Mode de transport (%) - Animaux,4.4
176,Mode de transport (%) - Autre,0.0
176,Mode de transport (%) - Ne se déplace pas,12.7
177,Population sédentaire active occupée (15+),2568.0
177,Mode de transport (%) - À pieds,65.0
177,Mode de transport (%) - Motocycle/ Bicyclette,0.6
177,Mode de transport (%) - Voiture privée,3.8
177,Mode de transport (%) - Bus,0.2
177,Mode de transport (%) - Taxi,4.0
177,Mode de transport (%) - Transport de l'employeur / Etablissement,3.3
177,Mode de transport (%) - Train,0.0
177,Mode de transport (%) - Tram,0.0
177,Mode de transport (%) - Transport informel,1.8
177,Mode de transport (%) - Animaux,12.0
177,Mode de transport (%) - Autre,0.9
177,Mode de transport (%) - Ne se déplace pas,8.4
178,Population sédentaire active occupée (15+),2633.0
178,Mode de transport (%) - À pieds,78.5
178,Mode de transport (%) - Motocycle/ Bicyclette,1.0
178,Mode de transport (%) - Voiture privée,3.2
178,Mode de transport (%) - Bus,0.4
178,Mode de transport (%) - Taxi,1.2
178,Mode de transport (%) - Transport de l'employeur / Etablissement,0.2
178,Mode de transport (%) - Train,0.2
178,Mode de transport (%) - Tram,0.0
178,Mode de transport (%) - Transport informel,1.2
178,Mode de transport (%) - Animaux,8.2
178,Mode de transport (%) - Autre,0.5
178,Mode de transport (%) - Ne se déplace pas,5.4
179,Population sédentaire active occupée (15+),5337.0
179,Mode de transport (%) - À pieds,70.6
179,Mode de transport (%) - Motocycle/ Bicyclette,0.7
179,Mode de transport (%) - Voiture privée,3.0
179,Mode de transport (%) - Bus,0.1
179,Mode de transport (%) - Taxi,0.8
179,Mode de transport (%) - Transport de l'employeur / Etablissement,1.6
179,Mode de transport (%) - Train,0.0
179,Mode de transport (%) - Tram,0.0
179,Mode de transport (%) - Transport informel,3.4
179,Mode de transport (%) - Animaux,9.8
179,Mode de transport (%) - Autre,1.6
179,Mode de transport (%) - Ne se déplace pas,8.4
