indicateur_id,nom_indicateur,theme,table_pg,mode_stockage,colonne_valeur,filtre_indicateur,colonne_territoire,unite
1,humidite,climate,climate_cleaned_climat_region_tta,long,valeur,humidite,territoire_id,%
2,temp_max,climate,climate_cleaned_climat_region_tta,long,valeur,temp_max,territoire_id,°C
3,temp_min,climate,climate_cleaned_climat_region_tta,long,valeur,temp_min,territoire_id,°C
4,temp_moyenne,climate,climate_cleaned_climat_region_tta,long,valeur,temp_moyenne,territoire_id,°C
5,entrees,demography,demography_cleaned_la_base_de_donn_es_excel_de_la_migration_,long,valeur,entrees,territoire_id,
6,indice_entrees (%),demography,demography_cleaned_la_base_de_donn_es_excel_de_la_migration_,long,valeur,indice_entrees (%),territoire_id,
7,indice_sortie (%),demography,demography_cleaned_la_base_de_donn_es_excel_de_la_migration_,long,valeur,indice_sortie (%),territoire_id,
8,natifs,demography,demography_cleaned_la_base_de_donn_es_excel_de_la_migration_,long,valeur,natifs,territoire_id,
9,natifs_residents_non_migrants,demography,demography_cleaned_la_base_de_donn_es_excel_de_la_migration_,long,valeur,natifs_residents_non_migrants,territoire_id,
10,population_sedentaire,demography,demography_cleaned_la_base_de_donn_es_excel_de_la_migration_,long,valeur,population_sedentaire,territoire_id,
11,sorties,demography,demography_cleaned_la_base_de_donn_es_excel_de_la_migration_,long,valeur,sorties,territoire_id,
12,entrees,demography,demography_cleaned_la_base_de_donn_es_excel_de_la_migration__2,long,valeur,entrees,territoire_id,
13,indice_entrees (%),demography,demography_cleaned_la_base_de_donn_es_excel_de_la_migration__2,long,valeur,indice_entrees (%),territoire_id,
14,indice_sortie (%),demography,demography_cleaned_la_base_de_donn_es_excel_de_la_migration__2,long,valeur,indice_sortie (%),territoire_id,
15,natifs_residents_non_migrants,demography,demography_cleaned_la_base_de_donn_es_excel_de_la_migration__2,long,valeur,natifs_residents_non_migrants,territoire_id,
16,population_sedentaire_5ans_plus,demography,demography_cleaned_la_base_de_donn_es_excel_de_la_migration__2,long,valeur,population_sedentaire_5ans_plus,territoire_id,
17,residents_recents_5ans,demography,demography_cleaned_la_base_de_donn_es_excel_de_la_migration__2,long,valeur,residents_recents_5ans,territoire_id,
18,sorties,demography,demography_cleaned_la_base_de_donn_es_excel_de_la_migration__2,long,valeur,sorties,territoire_id,
19,entrees,demography,demography_cleaned_la_base_de_donn_es_excel_de_la_migration__3,long,valeur,entrees,territoire_id,
20,indice_entrees (%),demography,demography_cleaned_la_base_de_donn_es_excel_de_la_migration__3,long,valeur,indice_entrees (%),territoire_id,
21,indice_sortie (%),demography,demography_cleaned_la_base_de_donn_es_excel_de_la_migration__3,long,valeur,indice_sortie (%),territoire_id,
22,natifs_residents_non_migrants,demography,demography_cleaned_la_base_de_donn_es_excel_de_la_migration__3,long,valeur,natifs_residents_non_migrants,territoire_id,
23,population_sedentaire,demography,demography_cleaned_la_base_de_donn_es_excel_de_la_migration__3,long,valeur,population_sedentaire,territoire_id,
24,residents_recents_10ans,demography,demography_cleaned_la_base_de_donn_es_excel_de_la_migration__3,long,valeur,residents_recents_10ans,territoire_id,
25,sorties,demography,demography_cleaned_la_base_de_donn_es_excel_de_la_migration__3,long,valeur,sorties,territoire_id,
26,effectif_migrants_internationaux,demography,demography_cleaned_la_base_de_donn_es_excel_de_la_migration__4,long,valeur,effectif_migrants_internationaux,territoire_id,
27,Descendance finale des femmes,demography,demography_demography_ages_mariage_handicap,long,valeur,Descendance finale des femmes,territoire_id,
28,Indice Synthétique de fécondité,demography,demography_demography_ages_mariage_handicap,long,valeur,Indice Synthétique de fécondité,territoire_id,
29,Population de 15 ans et plus,demography,demography_demography_ages_mariage_handicap,long,valeur,Population de 15 ans et plus,territoire_id,
30,Taux de couverture médicale (%),demography,demography_demography_ages_mariage_handicap,long,valeur,Taux de couverture médicale (%),territoire_id,
31,Taux de prévalence du handicap (%),demography,demography_demography_ages_mariage_handicap,long,valeur,Taux de prévalence du handicap (%),territoire_id,
32,Taux de prévalence du handicap par groupes d'âges (%),demography,demography_demography_ages_mariage_handicap,long,valeur,Taux de prévalence du handicap par groupes d'âges (%),territoire_id,
33,Âge moyen au premier mariage,demography,demography_demography_ages_mariage_handicap,long,valeur,Âge moyen au premier mariage,territoire_id,
34,État matrimonial des 15 ans et plus (%),demography,demography_demography_ages_mariage_handicap,long,valeur,État matrimonial des 15 ans et plus (%),territoire_id,
35,Descendance finale des femmes,demography,demography_demography_population_rgph2024_population_demogra,long,valeur,Descendance finale des femmes,territoire_id,
36,Indicateur conjoncturel de fécondité,demography,demography_demography_population_rgph2024_population_demogra,long,valeur,Indicateur conjoncturel de fécondité,territoire_id,
37,Population de 10 ans et plus,demography,demography_demography_population_rgph2024_population_demogra,long,valeur,Population de 10 ans et plus,territoire_id,
38,Population de 15 ans et plus,demography,demography_demography_population_rgph2024_population_demogra,long,valeur,Population de 15 ans et plus,territoire_id,
39,Population de 7-12 ans,demography,demography_demography_population_rgph2024_population_demogra,long,valeur,Population de 7-12 ans,territoire_id,
40,Population légale,demography,demography_demography_population_rgph2024_population_demogra,long,valeur,Population légale,territoire_id,
41,Population municipale,demography,demography_demography_population_rgph2024_population_demogra,long,valeur,Population municipale,territoire_id,
42,Sexe (%) - Féminin,demography,demography_demography_population_rgph2024_population_demogra,long,valeur,Sexe (%) - Féminin,territoire_id,
43,Sexe (%) - Masculin,demography,demography_demography_population_rgph2024_population_demogra,long,valeur,Sexe (%) - Masculin,territoire_id,
44,Âge moyen singulier au mariage,demography,demography_demography_population_rgph2024_population_demogra,long,valeur,Âge moyen singulier au mariage,territoire_id,
45,Âge quinquennal (%) - 0-4 ans,demography,demography_demography_population_rgph2024_population_demogra,long,valeur,Âge quinquennal (%) - 0-4 ans,territoire_id,
46,Âge quinquennal (%) - 10-14 ans,demography,demography_demography_population_rgph2024_population_demogra,long,valeur,Âge quinquennal (%) - 10-14 ans,territoire_id,
47,Âge quinquennal (%) - 15-19 ans,demography,demography_demography_population_rgph2024_population_demogra,long,valeur,Âge quinquennal (%) - 15-19 ans,territoire_id,
48,Âge quinquennal (%) - 20-24 ans,demography,demography_demography_population_rgph2024_population_demogra,long,valeur,Âge quinquennal (%) - 20-24 ans,territoire_id,
49,Âge quinquennal (%) - 25-29 ans,demography,demography_demography_population_rgph2024_population_demogra,long,valeur,Âge quinquennal (%) - 25-29 ans,territoire_id,
50,Âge quinquennal (%) - 30-34 ans,demography,demography_demography_population_rgph2024_population_demogra,long,valeur,Âge quinquennal (%) - 30-34 ans,territoire_id,
51,Âge quinquennal (%) - 35-39 ans,demography,demography_demography_population_rgph2024_population_demogra,long,valeur,Âge quinquennal (%) - 35-39 ans,territoire_id,
52,Âge quinquennal (%) - 40-44 ans,demography,demography_demography_population_rgph2024_population_demogra,long,valeur,Âge quinquennal (%) - 40-44 ans,territoire_id,
53,Âge quinquennal (%) - 45-49 ans,demography,demography_demography_population_rgph2024_population_demogra,long,valeur,Âge quinquennal (%) - 45-49 ans,territoire_id,
54,Âge quinquennal (%) - 5-9 ans,demography,demography_demography_population_rgph2024_population_demogra,long,valeur,Âge quinquennal (%) - 5-9 ans,territoire_id,
55,Âge quinquennal (%) - 50-54 ans,demography,demography_demography_population_rgph2024_population_demogra,long,valeur,Âge quinquennal (%) - 50-54 ans,territoire_id,
56,Âge quinquennal (%) - 55-59 ans,demography,demography_demography_population_rgph2024_population_demogra,long,valeur,Âge quinquennal (%) - 55-59 ans,territoire_id,
57,Âge quinquennal (%) - 60-64 ans,demography,demography_demography_population_rgph2024_population_demogra,long,valeur,Âge quinquennal (%) - 60-64 ans,territoire_id,
58,Âge quinquennal (%) - 65-69 ans,demography,demography_demography_population_rgph2024_population_demogra,long,valeur,Âge quinquennal (%) - 65-69 ans,territoire_id,
59,Âge quinquennal (%) - 70-74 ans,demography,demography_demography_population_rgph2024_population_demogra,long,valeur,Âge quinquennal (%) - 70-74 ans,territoire_id,
60,Âge quinquennal (%) - 75 ans ou plus,demography,demography_demography_population_rgph2024_population_demogra,long,valeur,Âge quinquennal (%) - 75 ans ou plus,territoire_id,
61,État matrimonial des 15 ans et plus (%) - Célibataire,demography,demography_demography_population_rgph2024_population_demogra,long,valeur,État matrimonial des 15 ans et plus (%) - Célibataire,territoire_id,
62,État matrimonial des 15 ans et plus (%) - Divorcé.e,demography,demography_demography_population_rgph2024_population_demogra,long,valeur,État matrimonial des 15 ans et plus (%) - Divorcé.e,territoire_id,
63,État matrimonial des 15 ans et plus (%) - Marié.e,demography,demography_demography_population_rgph2024_population_demogra,long,valeur,État matrimonial des 15 ans et plus (%) - Marié.e,territoire_id,
64,État matrimonial des 15 ans et plus (%) - Veuf.ve,demography,demography_demography_population_rgph2024_population_demogra,long,valeur,État matrimonial des 15 ans et plus (%) - Veuf.ve,territoire_id,
65,menages_2014,demography,demography_demography_population_population_1,long,valeur,menages_2014,territoire_id,
66,menages_2024,demography,demography_demography_population_population_1,long,valeur,menages_2024,territoire_id,
67,population_legale_2014,demography,demography_demography_population_population_1,long,valeur,population_legale_2014,territoire_id,
68,population_legale_2024,demography,demography_demography_population_population_1,long,valeur,population_legale_2024,territoire_id,
69,taux_accroissement_menages_pct,demography,demography_demography_population_population_1,long,valeur,taux_accroissement_menages_pct,territoire_id,
70,taux_accroissement_pop_pct,demography,demography_demography_population_population_1,long,valeur,taux_accroissement_pop_pct,territoire_id,
71,menages,demography,demography_demography_population_population_legale_2025_urba,long,valeur,menages,territoire_id,
72,population,demography,demography_demography_population_population_legale_2025_urba,long,valeur,population,territoire_id,
73,distance_centre_sante_km,demography,demography_demography_population_population_rural,long,valeur,distance_centre_sante_km,territoire_id,
74,distance_college_km,demography,demography_demography_population_population_rural,long,valeur,distance_college_km,territoire_id,
75,distance_ecole_primaire_km,demography,demography_demography_population_population_rural,long,valeur,distance_ecole_primaire_km,territoire_id,
76,distance_lycee_km,demography,demography_demography_population_population_rural,long,valeur,distance_lycee_km,territoire_id,
77,distance_route_carrossable_km,demography,demography_demography_population_population_rural,long,valeur,distance_route_carrossable_km,territoire_id,
78,distance_route_goudronnee_km,demography,demography_demography_population_population_rural,long,valeur,distance_route_goudronnee_km,territoire_id,
79,nombre_menages,demography,demography_demography_population_population_rural,long,valeur,nombre_menages,territoire_id,
80,pct_15_59ans,demography,demography_demography_population_population_rural,long,valeur,pct_15_59ans,territoire_id,
81,pct_60ans_plus,demography,demography_demography_population_population_rural,long,valeur,pct_60ans_plus,territoire_id,
82,pct_celibataire,demography,demography_demography_population_population_rural,long,valeur,pct_celibataire,territoire_id,
83,pct_divorce,demography,demography_demography_population_population_rural,long,valeur,pct_divorce,territoire_id,
84,pct_enregistrement_etat_civil,demography,demography_demography_population_population_rural,long,valeur,pct_enregistrement_etat_civil,territoire_id,
85,pct_logement_appartement,demography,demography_demography_population_population_rural,long,valeur,pct_logement_appartement,territoire_id,
86,pct_logement_autre,demography,demography_demography_population_population_rural,long,valeur,pct_logement_autre,territoire_id,
87,pct_logement_dur_rural,demography,demography_demography_population_population_rural,long,valeur,pct_logement_dur_rural,territoire_id,
88,pct_logement_maison_marocaine_moderne,demography,demography_demography_population_population_rural,long,valeur,pct_logement_maison_marocaine_moderne,territoire_id,
89,pct_logement_maison_marocaine_traditionnelle,demography,demography_demography_population_population_rural,long,valeur,pct_logement_maison_marocaine_traditionnelle,territoire_id,
90,pct_logement_pise_rural,demography,demography_demography_population_population_rural,long,valeur,pct_logement_pise_rural,territoire_id,
91,pct_logement_sommaire_bidonville,demography,demography_demography_population_population_rural,long,valeur,pct_logement_sommaire_bidonville,territoire_id,
92,pct_logement_villa,demography,demography_demography_population_population_rural,long,valeur,pct_logement_villa,territoire_id,
93,pct_marie,demography,demography_demography_population_population_rural,long,valeur,pct_marie,territoire_id,
94,pct_moins_15ans,demography,demography_demography_population_population_rural,long,valeur,pct_moins_15ans,territoire_id,
95,pct_nationalite_etrangere,demography,demography_demography_population_population_rural,long,valeur,pct_nationalite_etrangere,territoire_id,
96,pct_nationalite_marocaine,demography,demography_demography_population_population_rural,long,valeur,pct_nationalite_marocaine,territoire_id,
97,pct_sexe_feminin,demography,demography_demography_population_population_rural,long,valeur,pct_sexe_feminin,territoire_id,
98,pct_sexe_masculin,demography,demography_demography_population_population_rural,long,valeur,pct_sexe_masculin,territoire_id,
99,pct_veuf,demography,demography_demography_population_population_rural,long,valeur,pct_veuf,territoire_id,
100,population,demography,demography_demography_population_population_rural,long,valeur,population,territoire_id,
101,population_15ans_plus,demography,demography_demography_population_population_rural,long,valeur,population_15ans_plus,territoire_id,
102,Langues lues et écrites par les alphabètes de 10 ans et plus (non exclusives) (%) - Amazigh (Tifinagh),education,education_etab_scoalires_mesures_rgph2024_population_educati,long,valeur,Langues lues et écrites par les alphabètes de 10 ans et plus (non exclusives) (%) - Amazigh (Tifinagh),territoire_id,
103,Langues lues et écrites par les alphabètes de 10 ans et plus (non exclusives) (%) - Anglais,education,education_etab_scoalires_mesures_rgph2024_population_educati,long,valeur,Langues lues et écrites par les alphabètes de 10 ans et plus (non exclusives) (%) - Anglais,territoire_id,
104,Langues lues et écrites par les alphabètes de 10 ans et plus (non exclusives) (%) - Arabe,education,education_etab_scoalires_mesures_rgph2024_population_educati,long,valeur,Langues lues et écrites par les alphabètes de 10 ans et plus (non exclusives) (%) - Arabe,territoire_id,
105,Langues lues et écrites par les alphabètes de 10 ans et plus (non exclusives) (%) - Français,education,education_etab_scoalires_mesures_rgph2024_population_educati,long,valeur,Langues lues et écrites par les alphabètes de 10 ans et plus (non exclusives) (%) - Français,territoire_id,
106,Niveau d'études dans l'enseignement général (%) - Aucun niveau d'études,education,education_etab_scoalires_mesures_rgph2024_population_educati,long,valeur,Niveau d'études dans l'enseignement général (%) - Aucun niveau d'études,territoire_id,
107,Niveau d'études dans l'enseignement général (%) - Primaire,education,education_etab_scoalires_mesures_rgph2024_population_educati,long,valeur,Niveau d'études dans l'enseignement général (%) - Primaire,territoire_id,
108,Niveau d'études dans l'enseignement général (%) - Préscolaire,education,education_etab_scoalires_mesures_rgph2024_population_educati,long,valeur,Niveau d'études dans l'enseignement général (%) - Préscolaire,territoire_id,
109,Niveau d'études dans l'enseignement général (%) - Secondaire collégial,education,education_etab_scoalires_mesures_rgph2024_population_educati,long,valeur,Niveau d'études dans l'enseignement général (%) - Secondaire collégial,territoire_id,
110,Niveau d'études dans l'enseignement général (%) - Secondaire qualifiant,education,education_etab_scoalires_mesures_rgph2024_population_educati,long,valeur,Niveau d'études dans l'enseignement général (%) - Secondaire qualifiant,territoire_id,
111,Niveau d'études dans l'enseignement général (%) - Supérieur,education,education_etab_scoalires_mesures_rgph2024_population_educati,long,valeur,Niveau d'études dans l'enseignement général (%) - Supérieur,territoire_id,
112,Population alphabète de 10 ans et plus,education,education_etab_scoalires_mesures_rgph2024_population_educati,long,valeur,Population alphabète de 10 ans et plus,territoire_id,
113,Taux d'analphabétisme des 10 ans et plus (%),education,education_etab_scoalires_mesures_rgph2024_population_educati,long,valeur,Taux d'analphabétisme des 10 ans et plus (%),territoire_id,
114,Taux d'analphabétisme des 15 ans et plus (%),education,education_etab_scoalires_mesures_rgph2024_population_educati,long,valeur,Taux d'analphabétisme des 15 ans et plus (%),territoire_id,
115,Taux de scolarisation des 6-11 ans en 2023/2024 (%),education,education_etab_scoalires_mesures_rgph2024_population_educati,long,valeur,Taux de scolarisation des 6-11 ans en 2023/2024 (%),territoire_id,
116,Nombre d'établissements collegial,education,education_indicateur_nombre_etablissements,long,valeur,Nombre d'établissements collegial,territoire_id,nombre
117,Nombre d'établissements primaire,education,education_indicateur_nombre_etablissements,long,valeur,Nombre d'établissements primaire,territoire_id,nombre
118,Nombre d'établissements qualifiant,education,education_indicateur_nombre_etablissements,long,valeur,Nombre d'établissements qualifiant,territoire_id,nombre
119,Nombre d'établissements collegial,education,education_indicateur_nombre_etablissements_commune,long,valeur,Nombre d'établissements collegial,territoire_id,nombre
120,Nombre d'établissements primaire,education,education_indicateur_nombre_etablissements_commune,long,valeur,Nombre d'établissements primaire,territoire_id,nombre
121,Nombre d'établissements qualifiant,education,education_indicateur_nombre_etablissements_commune,long,valeur,Nombre d'établissements qualifiant,territoire_id,nombre
122,Cliniques privées par province (ou préfecture) : Privé,health,health_sante_10_cliniques_privees_par_province_ou_prefecture,long,valeur,Cliniques privées par province (ou préfecture) : Privé,territoire_id,
123,Cabinets de chirurgie dentaire par province (ou préfecture,health,health_sante_11_cabinets_de_chirurgie_dentaire_par_province_,long,valeur,Cabinets de chirurgie dentaire par province (ou préfecture,territoire_id,
124,Officines de pharmacie par province (ou préfecture) : Priv,health,health_sante_12_officines_de_pharmacie_par_province_ou_prefe,long,valeur,Officines de pharmacie par province (ou préfecture) : Priv,territoire_id,
125,Laboratoires d'analyses médicales par province (ou préfect,health,health_sante_13_laboratoires_d_analyses_medicales_par_provin,long,valeur,Laboratoires d'analyses médicales par province (ou préfect,territoire_id,
126,Autre,health,health_sante_14_personnel_paramedical_par_province_ou_prefec,long,valeur,Autre,territoire_id,
127,Infirmier polyvalent,health,health_sante_14_personnel_paramedical_par_province_ou_prefec,long,valeur,Infirmier polyvalent,territoire_id,
128,Sage femme,health,health_sante_14_personnel_paramedical_par_province_ou_prefec,long,valeur,Sage femme,territoire_id,
129,Total Paramédical,health,health_sante_14_personnel_paramedical_par_province_ou_prefec,long,valeur,Total Paramédical,territoire_id,
130,Autre,health,health_sante_15_personnel_paramedical_exercant_dans_le_ressp,long,valeur,Autre,territoire_id,
131,Infirmier polyvalent,health,health_sante_15_personnel_paramedical_exercant_dans_le_ressp,long,valeur,Infirmier polyvalent,territoire_id,
132,Sage femme,health,health_sante_15_personnel_paramedical_exercant_dans_le_ressp,long,valeur,Sage femme,territoire_id,
133,Total général,health,health_sante_15_personnel_paramedical_exercant_dans_le_ressp,long,valeur,Total général,territoire_id,
134,Ensemble,health,health_sante_16_consultations_curatives_realisees_dans_les_f,long,valeur,Ensemble,territoire_id,
135,Rural,health,health_sante_16_consultations_curatives_realisees_dans_les_f,long,valeur,Rural,territoire_id,
136,Urbain,health,health_sante_16_consultations_curatives_realisees_dans_les_f,long,valeur,Urbain,territoire_id,
137,Ensemble,health,health_sante_17_consultations_prenatales_par_milieu_et_par_p,long,valeur,Ensemble,territoire_id,
138,Rural,health,health_sante_17_consultations_prenatales_par_milieu_et_par_p,long,valeur,Rural,territoire_id,
139,Urbain,health,health_sante_17_consultations_prenatales_par_milieu_et_par_p,long,valeur,Urbain,territoire_id,
140,Césarienne,health,health_sante_18_accouchements_au_sein_des_formations_sanitai,long,valeur,Césarienne,territoire_id,
141,Mort-nés,health,health_sante_18_accouchements_au_sein_des_formations_sanitai,long,valeur,Mort-nés,territoire_id,
142,Mères décédées,health,health_sante_18_accouchements_au_sein_des_formations_sanitai,long,valeur,Mères décédées,territoire_id,
143,Nés vivants,health,health_sante_18_accouchements_au_sein_des_formations_sanitai,long,valeur,Nés vivants,territoire_id,
144,Total,health,health_sante_18_accouchements_au_sein_des_formations_sanitai,long,valeur,Total,territoire_id,
145,Autres,health,health_sante_19_nombre_de_femmes_beneficiaires_des_prestatio,long,valeur,Autres,territoire_id,
146,Condom,health,health_sante_19_nombre_de_femmes_beneficiaires_des_prestatio,long,valeur,Condom,territoire_id,
147,DIU,health,health_sante_19_nombre_de_femmes_beneficiaires_des_prestatio,long,valeur,DIU,territoire_id,
148,Injections,health,health_sante_19_nombre_de_femmes_beneficiaires_des_prestatio,long,valeur,Injections,territoire_id,
149,Pilules,health,health_sante_19_nombre_de_femmes_beneficiaires_des_prestatio,long,valeur,Pilules,territoire_id,
150,Total,health,health_sante_19_nombre_de_femmes_beneficiaires_des_prestatio,long,valeur,Total,territoire_id,
151,Enfants de 12 à 23 mois - Ensemble,health,health_sante_1_populations_cibles_des_programmes_de_sante_pa,long,valeur,Enfants de 12 à 23 mois - Ensemble,territoire_id,
152,Enfants de 12 à 23 mois - Rural,health,health_sante_1_populations_cibles_des_programmes_de_sante_pa,long,valeur,Enfants de 12 à 23 mois - Rural,territoire_id,
153,Enfants de 12 à 23 mois - Urbain,health,health_sante_1_populations_cibles_des_programmes_de_sante_pa,long,valeur,Enfants de 12 à 23 mois - Urbain,territoire_id,
154,Enfants de moins d'un an - Ensemble,health,health_sante_1_populations_cibles_des_programmes_de_sante_pa,long,valeur,Enfants de moins d'un an - Ensemble,territoire_id,
155,Enfants de moins d'un an - Rural,health,health_sante_1_populations_cibles_des_programmes_de_sante_pa,long,valeur,Enfants de moins d'un an - Rural,territoire_id,
156,Enfants de moins d'un an - Urbain,health,health_sante_1_populations_cibles_des_programmes_de_sante_pa,long,valeur,Enfants de moins d'un an - Urbain,territoire_id,
157,Enfants de moins de 5 ans - Ensemble,health,health_sante_1_populations_cibles_des_programmes_de_sante_pa,long,valeur,Enfants de moins de 5 ans - Ensemble,territoire_id,
158,Enfants de moins de 5 ans - Rural,health,health_sante_1_populations_cibles_des_programmes_de_sante_pa,long,valeur,Enfants de moins de 5 ans - Rural,territoire_id,
159,Enfants de moins de 5 ans - Urbain,health,health_sante_1_populations_cibles_des_programmes_de_sante_pa,long,valeur,Enfants de moins de 5 ans - Urbain,territoire_id,
160,Naissances attendues - Ensemble,health,health_sante_1_populations_cibles_des_programmes_de_sante_pa,long,valeur,Naissances attendues - Ensemble,territoire_id,
161,Naissances attendues - Rural,health,health_sante_1_populations_cibles_des_programmes_de_sante_pa,long,valeur,Naissances attendues - Rural,territoire_id,
162,Naissances attendues - Urbain,health,health_sante_1_populations_cibles_des_programmes_de_sante_pa,long,valeur,Naissances attendues - Urbain,territoire_id,
163,Population totale - Ensemble,health,health_sante_1_populations_cibles_des_programmes_de_sante_pa,long,valeur,Population totale - Ensemble,territoire_id,
164,Population totale - Rural,health,health_sante_1_populations_cibles_des_programmes_de_sante_pa,long,valeur,Population totale - Rural,territoire_id,
165,Population totale - Urbain,health,health_sante_1_populations_cibles_des_programmes_de_sante_pa,long,valeur,Population totale - Urbain,territoire_id,
166,Autre,health,health_sante_20_nombre_de_femmes_beneficiaires_des_prestatio,long,valeur,Autre,territoire_id,
167,Condom,health,health_sante_20_nombre_de_femmes_beneficiaires_des_prestatio,long,valeur,Condom,territoire_id,
168,DIU,health,health_sante_20_nombre_de_femmes_beneficiaires_des_prestatio,long,valeur,DIU,territoire_id,
169,Injections,health,health_sante_20_nombre_de_femmes_beneficiaires_des_prestatio,long,valeur,Injections,territoire_id,
170,Pilules,health,health_sante_20_nombre_de_femmes_beneficiaires_des_prestatio,long,valeur,Pilules,territoire_id,
171,Total,health,health_sante_20_nombre_de_femmes_beneficiaires_des_prestatio,long,valeur,Total,territoire_id,
172,B.C.G,health,health_sante_21_nombre_d_enfants_beneficiaires_des_prestatio,long,valeur,B.C.G,territoire_id,
173,DTCP1,health,health_sante_21_nombre_d_enfants_beneficiaires_des_prestatio,long,valeur,DTCP1,territoire_id,
174,DTCP2,health,health_sante_21_nombre_d_enfants_beneficiaires_des_prestatio,long,valeur,DTCP2,territoire_id,
175,DTCP3,health,health_sante_21_nombre_d_enfants_beneficiaires_des_prestatio,long,valeur,DTCP3,territoire_id,
176,Polio,health,health_sante_21_nombre_d_enfants_beneficiaires_des_prestatio,long,valeur,Polio,territoire_id,
177,RR1,health,health_sante_21_nombre_d_enfants_beneficiaires_des_prestatio,long,valeur,RR1,territoire_id,
178,Degré de déshydratation - (A),health,health_sante_22_enfants_beneficiaires_du_pnlmd_par_province_,long,valeur,Degré de déshydratation - (A),territoire_id,
179,Degré de déshydratation - (B),health,health_sante_22_enfants_beneficiaires_du_pnlmd_par_province_,long,valeur,Degré de déshydratation - (B),territoire_id,
180,Degré de déshydratation - (C),health,health_sante_22_enfants_beneficiaires_du_pnlmd_par_province_,long,valeur,Degré de déshydratation - (C),territoire_id,
181,Diarhée Persistante,health,health_sante_22_enfants_beneficiaires_du_pnlmd_par_province_,long,valeur,Diarhée Persistante,territoire_id,
182,Dysentérie,health,health_sante_22_enfants_beneficiaires_du_pnlmd_par_province_,long,valeur,Dysentérie,territoire_id,
183,Admissions*,health,health_sante_23_mouvements_des_malades_dans_les_hopitaux_pub,long,valeur,Admissions*,territoire_id,
184,Capacité (1) Fonctionnelle,health,health_sante_23_mouvements_des_malades_dans_les_hopitaux_pub,long,valeur,Capacité (1) Fonctionnelle,territoire_id,
185,Journées d'hospitalisation,health,health_sante_23_mouvements_des_malades_dans_les_hopitaux_pub,long,valeur,Journées d'hospitalisation,territoire_id,
186,Nombre d'établissements,health,health_sante_23_mouvements_des_malades_dans_les_hopitaux_pub,long,valeur,Nombre d'établissements,territoire_id,
187,Durée moyenne de séjour (jour),health,health_sante_24_statistiques_d_occupation_des_lits_des_hopit,long,valeur,Durée moyenne de séjour (jour),territoire_id,
188,Intervalle de rotation (jour),health,health_sante_24_statistiques_d_occupation_des_lits_des_hopit,long,valeur,Intervalle de rotation (jour),territoire_id,
189,Taux de rotation des lits (1),health,health_sante_24_statistiques_d_occupation_des_lits_des_hopit,long,valeur,Taux de rotation des lits (1),territoire_id,
190,Taux moyen d'occupation (%),health,health_sante_24_statistiques_d_occupation_des_lits_des_hopit,long,valeur,Taux moyen d'occupation (%),territoire_id,
191,Nombre d'établissements,health,health_sante_25_consultations_medicales_specialisees_realise,long,valeur,Nombre d'établissements,territoire_id,
192,Total de consultations,health,health_sante_25_consultations_medicales_specialisees_realise,long,valeur,Total de consultations,territoire_id,
193,Total de médecins,health,health_sante_25_consultations_medicales_specialisees_realise,long,valeur,Total de médecins,territoire_id,
194,Bacté-riologie,health,health_sante_26_activites_des_laboratoires_des_hopitaux_publ,long,valeur,Bacté-riologie,territoire_id,
195,Chimie et biologie (Biochimie),health,health_sante_26_activites_des_laboratoires_des_hopitaux_publ,long,valeur,Chimie et biologie (Biochimie),territoire_id,
196,Hygiène,health,health_sante_26_activites_des_laboratoires_des_hopitaux_publ,long,valeur,Hygiène,territoire_id,
197,Hématologie et transfusion,health,health_sante_26_activites_des_laboratoires_des_hopitaux_publ,long,valeur,Hématologie et transfusion,territoire_id,
198,Immuno-sérologie,health,health_sante_26_activites_des_laboratoires_des_hopitaux_publ,long,valeur,Immuno-sérologie,territoire_id,
199,Para-sitologie,health,health_sante_26_activites_des_laboratoires_des_hopitaux_publ,long,valeur,Para-sitologie,territoire_id,
200,Total,health,health_sante_26_activites_des_laboratoires_des_hopitaux_publ,long,valeur,Total,territoire_id,
201,Coque- luche,health,health_sante_27_maladies_sous_surveillance_dans_les_formatio,long,valeur,Coque- luche,territoire_id,
202,Covid-19,health,health_sante_27_maladies_sous_surveillance_dans_les_formatio,long,valeur,Covid-19,territoire_id,
203,Leishmaniose cutanée,health,health_sante_27_maladies_sous_surveillance_dans_les_formatio,long,valeur,Leishmaniose cutanée,territoire_id,
204,Méningite,health,health_sante_27_maladies_sous_surveillance_dans_les_formatio,long,valeur,Méningite,territoire_id,
205,Rougeole,health,health_sante_27_maladies_sous_surveillance_dans_les_formatio,long,valeur,Rougeole,territoire_id,
206,Toxi-infection collective,health,health_sante_27_maladies_sous_surveillance_dans_les_formatio,long,valeur,Toxi-infection collective,territoire_id,
207,Tuber-culose,health,health_sante_27_maladies_sous_surveillance_dans_les_formatio,long,valeur,Tuber-culose,territoire_id,
208,Tétanos,health,health_sante_27_maladies_sous_surveillance_dans_les_formatio,long,valeur,Tétanos,territoire_id,
209,Femmes de 15 à 49 ans - Ensemble,health,health_sante_2_repartition_des_populations_feminines_cibles_,long,valeur,Femmes de 15 à 49 ans - Ensemble,territoire_id,
210,Femmes de 15 à 49 ans - Rural,health,health_sante_2_repartition_des_populations_feminines_cibles_,long,valeur,Femmes de 15 à 49 ans - Rural,territoire_id,
211,Femmes de 15 à 49 ans - Urbain,health,health_sante_2_repartition_des_populations_feminines_cibles_,long,valeur,Femmes de 15 à 49 ans - Urbain,territoire_id,
212,Femmes de 30 à 49 ans - Ensemble,health,health_sante_2_repartition_des_populations_feminines_cibles_,long,valeur,Femmes de 30 à 49 ans - Ensemble,territoire_id,
213,Femmes de 30 à 49 ans - Rural,health,health_sante_2_repartition_des_populations_feminines_cibles_,long,valeur,Femmes de 30 à 49 ans - Rural,territoire_id,
214,Femmes de 30 à 49 ans - Urbain,health,health_sante_2_repartition_des_populations_feminines_cibles_,long,valeur,Femmes de 30 à 49 ans - Urbain,territoire_id,
215,Femmes de 40 à 69 ans - Ensemble,health,health_sante_2_repartition_des_populations_feminines_cibles_,long,valeur,Femmes de 40 à 69 ans - Ensemble,territoire_id,
216,Femmes de 40 à 69 ans - Rural,health,health_sante_2_repartition_des_populations_feminines_cibles_,long,valeur,Femmes de 40 à 69 ans - Rural,territoire_id,
217,Femmes de 40 à 69 ans - Urbain,health,health_sante_2_repartition_des_populations_feminines_cibles_,long,valeur,Femmes de 40 à 69 ans - Urbain,territoire_id,
218,Femmes mariées de 15 à 49 ans - Ensemble,health,health_sante_2_repartition_des_populations_feminines_cibles_,long,valeur,Femmes mariées de 15 à 49 ans - Ensemble,territoire_id,
219,Femmes mariées de 15 à 49 ans - Rural,health,health_sante_2_repartition_des_populations_feminines_cibles_,long,valeur,Femmes mariées de 15 à 49 ans - Rural,territoire_id,
220,Femmes mariées de 15 à 49 ans - Urbain,health,health_sante_2_repartition_des_populations_feminines_cibles_,long,valeur,Femmes mariées de 15 à 49 ans - Urbain,territoire_id,
221,cdtmr_total,health,health_sante_3_repartition_des_essp_par_region_par_provincep,long,valeur,cdtmr_total,territoire_id,
222,crsr_total,health,health_sante_3_repartition_des_essp_par_region_par_provincep,long,valeur,crsr_total,territoire_id,
223,essp_csr1,health,health_sante_3_repartition_des_essp_par_region_par_provincep,long,valeur,essp_csr1,territoire_id,
224,essp_csr2,health,health_sante_3_repartition_des_essp_par_region_par_provincep,long,valeur,essp_csr2,territoire_id,
225,essp_csu1,health,health_sante_3_repartition_des_essp_par_region_par_provincep,long,valeur,essp_csu1,territoire_id,
226,essp_csu2,health,health_sante_3_repartition_des_essp_par_region_par_provincep,long,valeur,essp_csu2,territoire_id,
227,essp_dr,health,health_sante_3_repartition_des_essp_par_region_par_provincep,long,valeur,essp_dr,territoire_id,
228,essp_total,health,health_sante_3_repartition_des_essp_par_region_par_provincep,long,valeur,essp_total,territoire_id,
229,essp_total_global,health,health_sante_3_repartition_des_essp_par_region_par_provincep,long,valeur,essp_total_global,territoire_id,
230,essp_urbain_total,health,health_sante_3_repartition_des_essp_par_region_par_provincep,long,valeur,essp_urbain_total,territoire_id,
231,lsp_total,health,health_sante_3_repartition_des_essp_par_region_par_provincep,long,valeur,lsp_total,territoire_id,
232,structures_appui_total,health,health_sante_3_repartition_des_essp_par_region_par_provincep,long,valeur,structures_appui_total,territoire_id,
233,total_general,health,health_sante_3_repartition_des_essp_par_region_par_provincep,long,valeur,total_general,territoire_id,
234,centre_hemodialyse,health,health_sante_4_repartition_des_hopitaux_par_region_par_provi,long,valeur,centre_hemodialyse,territoire_id,
235,centre_oncologie,health,health_sante_4_repartition_des_hopitaux_par_region_par_provi,long,valeur,centre_oncologie,territoire_id,
236,centre_transfusion,health,health_sante_4_repartition_des_hopitaux_par_region_par_provi,long,valeur,centre_transfusion,territoire_id,
237,clinique_jour,health,health_sante_4_repartition_des_hopitaux_par_region_par_provi,long,valeur,clinique_jour,territoire_id,
238,hopital_inter_regional,health,health_sante_4_repartition_des_hopitaux_par_region_par_provi,long,valeur,hopital_inter_regional,territoire_id,
239,hopital_provincial,health,health_sante_4_repartition_des_hopitaux_par_region_par_provi,long,valeur,hopital_provincial,territoire_id,
240,hopital_proximite,health,health_sante_4_repartition_des_hopitaux_par_region_par_provi,long,valeur,hopital_proximite,territoire_id,
241,hopital_psy_provincial,health,health_sante_4_repartition_des_hopitaux_par_region_par_provi,long,valeur,hopital_psy_provincial,territoire_id,
242,hopital_regional,health,health_sante_4_repartition_des_hopitaux_par_region_par_provi,long,valeur,hopital_regional,territoire_id,
243,hopital_regional_psy,health,health_sante_4_repartition_des_hopitaux_par_region_par_provi,long,valeur,hopital_regional_psy,territoire_id,
244,psy_universitaire,health,health_sante_4_repartition_des_hopitaux_par_region_par_provi,long,valeur,psy_universitaire,territoire_id,
245,total_general,health,health_sante_4_repartition_des_hopitaux_par_region_par_provi,long,valeur,total_general,territoire_id,
246,total_hospital,health,health_sante_4_repartition_des_hopitaux_par_region_par_provi,long,valeur,total_hospital,territoire_id,
247,centres_addictologie,health,health_sante_5_repartition_des_structures_de_rems_par_region,long,valeur,centres_addictologie,territoire_id,
248,centres_appareillage,health,health_sante_5_repartition_des_structures_de_rems_par_region,long,valeur,centres_appareillage,territoire_id,
249,centres_medico_universitaires,health,health_sante_5_repartition_des_structures_de_rems_par_region,long,valeur,centres_medico_universitaires,territoire_id,
250,centres_reeducation,health,health_sante_5_repartition_des_structures_de_rems_par_region,long,valeur,centres_reeducation,territoire_id,
251,espace_sante_jeunes,health,health_sante_5_repartition_des_structures_de_rems_par_region,long,valeur,espace_sante_jeunes,territoire_id,
252,total_general,health,health_sante_5_repartition_des_structures_de_rems_par_region,long,valeur,total_general,territoire_id,
253,nombre_samu,health,health_sante_6_repartition_des_structures_de_risum_par_regio,long,valeur,nombre_samu,territoire_id,
254,ump_mtsb,health,health_sante_6_repartition_des_structures_de_risum_par_regio,long,valeur,ump_mtsb,territoire_id,
255,ump_smur,health,health_sante_6_repartition_des_structures_de_risum_par_regio,long,valeur,ump_smur,territoire_id,
256,ump_total,health,health_sante_6_repartition_des_structures_de_risum_par_regio,long,valeur,ump_total,territoire_id,
257,Cliniques Privées à but lucratif - Nombre de cliniques,health,health_sante_7_repartition_des_types_de_cliniques_privees_pa,long,valeur,Cliniques Privées à but lucratif - Nombre de cliniques,territoire_id,
258,Cliniques Privées à but lucratif - Nombre de lits,health,health_sante_7_repartition_des_types_de_cliniques_privees_pa,long,valeur,Cliniques Privées à but lucratif - Nombre de lits,territoire_id,
259,Cliniques Privées à but non lucratif - Nombre de cliniques,health,health_sante_7_repartition_des_types_de_cliniques_privees_pa,long,valeur,Cliniques Privées à but non lucratif - Nombre de cliniques,territoire_id,
260,Cliniques Privées à but non lucratif - Nombre de lits,health,health_sante_7_repartition_des_types_de_cliniques_privees_pa,long,valeur,Cliniques Privées à but non lucratif - Nombre de lits,territoire_id,
261,Total - Nombre de cliniques,health,health_sante_7_repartition_des_types_de_cliniques_privees_pa,long,valeur,Total - Nombre de cliniques,territoire_id,
262,Total - Nombre de lits,health,health_sante_7_repartition_des_types_de_cliniques_privees_pa,long,valeur,Total - Nombre de lits,territoire_id,
263,Médecins généralistes,health,health_sante_8_medecins_prives_par_province_ou_prefecture_pr,long,valeur,Médecins généralistes,territoire_id,
264,Médecins spécialistes,health,health_sante_8_medecins_prives_par_province_ou_prefecture_pr,long,valeur,Médecins spécialistes,territoire_id,
265,Chirurgiens dentistes par province (ou préfecture) : Public,health,health_sante_9_medecins_prives_par_province_ou_prefecture_pr,long,valeur,Chirurgiens dentistes par province (ou préfecture) : Public,territoire_id,
266,nombre_abonnes,infrastructure,infrastructure_cleaned_activit_de_l_office_national_d_electr,long,valeur,nombre_abonnes,territoire_id,
267,production,infrastructure,infrastructure_cleaned_activit_de_l_office_national_d_electr,long,valeur,production,territoire_id,
268,ventes_abonnes,infrastructure,infrastructure_cleaned_activit_de_l_office_national_d_electr,long,valeur,ventes_abonnes,territoire_id,
269,ventes_regies_concessions,infrastructure,infrastructure_cleaned_activit_de_l_office_national_d_electr,long,valeur,ventes_regies_concessions,territoire_id,
270,Bonne Qualité 2021,infrastructure,infrastructure_cleaned_evolution_du_nombre_de_plages_par_reg,long,valeur,Bonne Qualité 2021,territoire_id,
271,Bonne Qualité 2022,infrastructure,infrastructure_cleaned_evolution_du_nombre_de_plages_par_reg,long,valeur,Bonne Qualité 2022,territoire_id,
272,Bonne Qualité 2023,infrastructure,infrastructure_cleaned_evolution_du_nombre_de_plages_par_reg,long,valeur,Bonne Qualité 2023,territoire_id,
273,Bonne Qualité 2024,infrastructure,infrastructure_cleaned_evolution_du_nombre_de_plages_par_reg,long,valeur,Bonne Qualité 2024,territoire_id,
274,Execellante Qaulité 2021,infrastructure,infrastructure_cleaned_evolution_du_nombre_de_plages_par_reg,long,valeur,Execellante Qaulité 2021,territoire_id,
275,Execellante Qaulité 2022,infrastructure,infrastructure_cleaned_evolution_du_nombre_de_plages_par_reg,long,valeur,Execellante Qaulité 2022,territoire_id,
276,Execellante Qaulité 2023,infrastructure,infrastructure_cleaned_evolution_du_nombre_de_plages_par_reg,long,valeur,Execellante Qaulité 2023,territoire_id,
277,Execellante Qaulité 2024,infrastructure,infrastructure_cleaned_evolution_du_nombre_de_plages_par_reg,long,valeur,Execellante Qaulité 2024,territoire_id,
278,Qualité Suffisante 2021,infrastructure,infrastructure_cleaned_evolution_du_nombre_de_plages_par_reg,long,valeur,Qualité Suffisante 2021,territoire_id,
279,Qualité Suffisante 2022,infrastructure,infrastructure_cleaned_evolution_du_nombre_de_plages_par_reg,long,valeur,Qualité Suffisante 2022,territoire_id,
280,Qualité Suffisante 2023,infrastructure,infrastructure_cleaned_evolution_du_nombre_de_plages_par_reg,long,valeur,Qualité Suffisante 2023,territoire_id,
281,Qualité Suffisante 2024,infrastructure,infrastructure_cleaned_evolution_du_nombre_de_plages_par_reg,long,valeur,Qualité Suffisante 2024,territoire_id,
282,Qualité insuffisante 2021,infrastructure,infrastructure_cleaned_evolution_du_nombre_de_plages_par_reg,long,valeur,Qualité insuffisante 2021,territoire_id,
283,Qualité insuffisante 2022,infrastructure,infrastructure_cleaned_evolution_du_nombre_de_plages_par_reg,long,valeur,Qualité insuffisante 2022,territoire_id,
284,Qualité insuffisante 2023,infrastructure,infrastructure_cleaned_evolution_du_nombre_de_plages_par_reg,long,valeur,Qualité insuffisante 2023,territoire_id,
285,Qualité insuffisante 2024,infrastructure,infrastructure_cleaned_evolution_du_nombre_de_plages_par_reg,long,valeur,Qualité insuffisante 2024,territoire_id,
286,Total 2021,infrastructure,infrastructure_cleaned_evolution_du_nombre_de_plages_par_reg,long,valeur,Total 2021,territoire_id,
287,Total 2022,infrastructure,infrastructure_cleaned_evolution_du_nombre_de_plages_par_reg,long,valeur,Total 2022,territoire_id,
288,Total 2023,infrastructure,infrastructure_cleaned_evolution_du_nombre_de_plages_par_reg,long,valeur,Total 2023,territoire_id,
289,Total 2024,infrastructure,infrastructure_cleaned_evolution_du_nombre_de_plages_par_reg,long,valeur,Total 2024,territoire_id,
290,nbre_prelevements_2021,infrastructure,infrastructure_cleaned_evolution_du_nombre_de_plages_par_reg_2,long,valeur,nbre_prelevements_2021,territoire_id,
291,nbre_prelevements_2022,infrastructure,infrastructure_cleaned_evolution_du_nombre_de_plages_par_reg_2,long,valeur,nbre_prelevements_2022,territoire_id,
292,nbre_prelevements_2023,infrastructure,infrastructure_cleaned_evolution_du_nombre_de_plages_par_reg_2,long,valeur,nbre_prelevements_2023,territoire_id,
293,nbre_prelevements_2024,infrastructure,infrastructure_cleaned_evolution_du_nombre_de_plages_par_reg_2,long,valeur,nbre_prelevements_2024,territoire_id,
294,nbre_stations_2021,infrastructure,infrastructure_cleaned_evolution_du_nombre_de_plages_par_reg_2,long,valeur,nbre_stations_2021,territoire_id,
295,nbre_stations_2022,infrastructure,infrastructure_cleaned_evolution_du_nombre_de_plages_par_reg_2,long,valeur,nbre_stations_2022,territoire_id,
296,nbre_stations_2023,infrastructure,infrastructure_cleaned_evolution_du_nombre_de_plages_par_reg_2,long,valeur,nbre_stations_2023,territoire_id,
297,nbre_stations_2024,infrastructure,infrastructure_cleaned_evolution_du_nombre_de_plages_par_reg_2,long,valeur,nbre_stations_2024,territoire_id,
298,plages_evolution_total 2021,infrastructure,infrastructure_cleaned_evolution_du_nombre_de_plages_par_reg_3,long,valeur,plages_evolution_total 2021,territoire_id,
299,plages_evolution_total 2022,infrastructure,infrastructure_cleaned_evolution_du_nombre_de_plages_par_reg_3,long,valeur,plages_evolution_total 2022,territoire_id,
300,plages_evolution_total 2023,infrastructure,infrastructure_cleaned_evolution_du_nombre_de_plages_par_reg_3,long,valeur,plages_evolution_total 2023,territoire_id,
301,plages_evolution_total 2024,infrastructure,infrastructure_cleaned_evolution_du_nombre_de_plages_par_reg_3,long,valeur,plages_evolution_total 2024,territoire_id,
302,total_general,infrastructure,infrastructure_cleaned_mouvements_des_avions_selon_les_a_rop,long,valeur,total_general,territoire_id,
303,trafic_commercial,infrastructure,infrastructure_cleaned_mouvements_des_avions_selon_les_a_rop,long,valeur,trafic_commercial,territoire_id,
304,trafic_non_commercial,infrastructure,infrastructure_cleaned_mouvements_des_avions_selon_les_a_rop,long,valeur,trafic_non_commercial,territoire_id,
305,routes_nationales_dont_revetues_km,infrastructure,infrastructure_cleaned_routes_2024_routes_longueur_2024,long,valeur,routes_nationales_dont_revetues_km,territoire_id,
306,routes_nationales_total_km,infrastructure,infrastructure_cleaned_routes_2024_routes_longueur_2024,long,valeur,routes_nationales_total_km,territoire_id,
307,routes_provinciales_dont_revetues_km,infrastructure,infrastructure_cleaned_routes_2024_routes_longueur_2024,long,valeur,routes_provinciales_dont_revetues_km,territoire_id,
308,routes_provinciales_total_km,infrastructure,infrastructure_cleaned_routes_2024_routes_longueur_2024,long,valeur,routes_provinciales_total_km,territoire_id,
309,routes_regionales_dont_revetues_km,infrastructure,infrastructure_cleaned_routes_2024_routes_longueur_2024,long,valeur,routes_regionales_dont_revetues_km,territoire_id,
310,routes_regionales_total_km,infrastructure,infrastructure_cleaned_routes_2024_routes_longueur_2024,long,valeur,routes_regionales_total_km,territoire_id,
311,autoroutes_km,infrastructure,infrastructure_cleaned_routes_2024_routes_provinces_2024,long,valeur,autoroutes_km,territoire_id,
312,niveau_fragilite_transport,infrastructure,infrastructure_cleaned_routes_2024_routes_provinces_2024,long,valeur,niveau_fragilite_transport,territoire_id,
313,part_autoroute_pct_du_reseau,infrastructure,infrastructure_cleaned_routes_2024_routes_provinces_2024,long,valeur,part_autoroute_pct_du_reseau,territoire_id,
314,part_routes_provinciales_pct,infrastructure,infrastructure_cleaned_routes_2024_routes_provinces_2024,long,valeur,part_routes_provinciales_pct,territoire_id,
315,reseau_revetu_km,infrastructure,infrastructure_cleaned_routes_2024_routes_provinces_2024,long,valeur,reseau_revetu_km,territoire_id,
316,reseau_total_km,infrastructure,infrastructure_cleaned_routes_2024_routes_provinces_2024,long,valeur,reseau_total_km,territoire_id,
317,routes_nationales_km,infrastructure,infrastructure_cleaned_routes_2024_routes_provinces_2024,long,valeur,routes_nationales_km,territoire_id,
318,routes_provinciales_km,infrastructure,infrastructure_cleaned_routes_2024_routes_provinces_2024,long,valeur,routes_provinciales_km,territoire_id,
319,routes_regionales_km,infrastructure,infrastructure_cleaned_routes_2024_routes_provinces_2024,long,valeur,routes_regionales_km,territoire_id,
320,score_fragilite_transport,infrastructure,infrastructure_cleaned_routes_2024_routes_provinces_2024,long,valeur,score_fragilite_transport,territoire_id,
321,taux_revetement_pct,infrastructure,infrastructure_cleaned_routes_2024_routes_provinces_2024,long,valeur,taux_revetement_pct,territoire_id,
322,electricite_ventes_distributeur_2022,infrastructure,infrastructure_electricite_ventes_distributeurs,long,valeur,electricite_ventes_distributeur_2022,territoire_id,
323,electricite_ventes_distributeur_2023,infrastructure,infrastructure_electricite_ventes_distributeurs,long,valeur,electricite_ventes_distributeur_2023,territoire_id,
324,electricite_ventes_distributeur_2024,infrastructure,infrastructure_electricite_ventes_distributeurs,long,valeur,electricite_ventes_distributeur_2024,territoire_id,
325,electricite_ventes_provinces_2022,infrastructure,infrastructure_electricite_ventes_provinces_electricite_vent,long,valeur,electricite_ventes_provinces_2022,territoire_id,
326,electricite_ventes_provinces_2023,infrastructure,infrastructure_electricite_ventes_provinces_electricite_vent,long,valeur,electricite_ventes_provinces_2023,territoire_id,
327,electricite_ventes_provinces_2024,infrastructure,infrastructure_electricite_ventes_provinces_electricite_vent,long,valeur,electricite_ventes_provinces_2024,territoire_id,
328,Niveau d'études de la population âgée de 25 ans et plus (%),socio_economic,socio_economic_cleaned_capital_humain_cleaned_capital_humain,long,valeur,Niveau d'études de la population âgée de 25 ans et plus (%),territoire_id,
329,Nombre moyen d'années d'études dans l'enseignement général,socio_economic,socio_economic_cleaned_capital_humain_cleaned_capital_humain,long,valeur,Nombre moyen d'années d'études dans l'enseignement général,territoire_id,
330,Population alphabète de 10 ans et plus,socio_economic,socio_economic_cleaned_capital_humain_cleaned_capital_humain,long,valeur,Population alphabète de 10 ans et plus,territoire_id,
331,Population de 10 ans et plus,socio_economic,socio_economic_cleaned_capital_humain_cleaned_capital_humain,long,valeur,Population de 10 ans et plus,territoire_id,
332,Population de 15 ans et plus,socio_economic,socio_economic_cleaned_capital_humain_cleaned_capital_humain,long,valeur,Population de 15 ans et plus,territoire_id,
333,Population de 7-12 ans,socio_economic,socio_economic_cleaned_capital_humain_cleaned_capital_humain,long,valeur,Population de 7-12 ans,territoire_id,
334,Taux d'analphabétisme des 10 ans et plus (%),socio_economic,socio_economic_cleaned_capital_humain_cleaned_capital_humain,long,valeur,Taux d'analphabétisme des 10 ans et plus (%),territoire_id,
335,Taux d'analphabétisme des 15 ans et plus (%),socio_economic,socio_economic_cleaned_capital_humain_cleaned_capital_humain,long,valeur,Taux d'analphabétisme des 15 ans et plus (%),territoire_id,
336,Taux d'analphabétisme selon les groupes d’âges (%),socio_economic,socio_economic_cleaned_capital_humain_cleaned_capital_humain,long,valeur,Taux d'analphabétisme selon les groupes d’âges (%),territoire_id,
337,Taux de scolarisation des 12-17 ans en 2023/2024 (%),socio_economic,socio_economic_cleaned_capital_humain_cleaned_capital_humain,long,valeur,Taux de scolarisation des 12-17 ans en 2023/2024 (%),territoire_id,
338,Taux de scolarisation des 4- 5 ans en 2023/2024 (%),socio_economic,socio_economic_cleaned_capital_humain_cleaned_capital_humain,long,valeur,Taux de scolarisation des 4- 5 ans en 2023/2024 (%),territoire_id,
339,Taux de scolarisation des 6- 11 ans en 2023/2024 (%),socio_economic,socio_economic_cleaned_capital_humain_cleaned_capital_humain,long,valeur,Taux de scolarisation des 6- 11 ans en 2023/2024 (%),territoire_id,
340,50 ans et plus,socio_economic,socio_economic_conditions_habitat_habitat_conditions_combine,long,valeur,50 ans et plus,territoire_id,%
341,Appartement,socio_economic,socio_economic_conditions_habitat_habitat_conditions_combine,long,valeur,Appartement,territoire_id,%
342,Autres,socio_economic,socio_economic_conditions_habitat_habitat_conditions_combine,long,valeur,Autres,territoire_id,%
343,Autres type,socio_economic,socio_economic_conditions_habitat_habitat_conditions_combine,long,valeur,Autres type,territoire_id,%
344,"Béton armé, briques avec mortier",socio_economic,socio_economic_conditions_habitat_habitat_conditions_combine,long,valeur,"Béton armé, briques avec mortier",territoire_id,%
345,Dalle,socio_economic,socio_economic_conditions_habitat_habitat_conditions_combine,long,valeur,Dalle,territoire_id,%
346,De 20 à moins de 50 ans,socio_economic,socio_economic_conditions_habitat_habitat_conditions_combine,long,valeur,De 20 à moins de 50 ans,territoire_id,%
347,Logement en type rural,socio_economic,socio_economic_conditions_habitat_habitat_conditions_combine,long,valeur,Logement en type rural,territoire_id,%
348,Logement occupé,socio_economic,socio_economic_conditions_habitat_habitat_conditions_combine,long,valeur,Logement occupé,territoire_id,%
349,Logement secondaire/saisonnier,socio_economic,socio_economic_conditions_habitat_habitat_conditions_combine,long,valeur,Logement secondaire/saisonnier,territoire_id,%
350,Logement vacants,socio_economic,socio_economic_conditions_habitat_habitat_conditions_combine,long,valeur,Logement vacants,territoire_id,%
351,Maison marocaine moderne,socio_economic,socio_economic_conditions_habitat_habitat_conditions_combine,long,valeur,Maison marocaine moderne,territoire_id,%
352,Maison marocaine traditionnelle,socio_economic,socio_economic_conditions_habitat_habitat_conditions_combine,long,valeur,Maison marocaine traditionnelle,territoire_id,%
353,Maison sommaire ou bidonville,socio_economic,socio_economic_conditions_habitat_habitat_conditions_combine,long,valeur,Maison sommaire ou bidonville,territoire_id,%
354,Moins de 20 ans,socio_economic,socio_economic_conditions_habitat_habitat_conditions_combine,long,valeur,Moins de 20 ans,territoire_id,%
355,Pierre agglomérée avec mortier,socio_economic,socio_economic_conditions_habitat_habitat_conditions_combine,long,valeur,Pierre agglomérée avec mortier,territoire_id,%
356,"Planches, bois ou tuiles",socio_economic,socio_economic_conditions_habitat_habitat_conditions_combine,long,valeur,"Planches, bois ou tuiles",territoire_id,%
357,Réseau public d'assainissement,socio_economic,socio_economic_conditions_habitat_habitat_conditions_combine,long,valeur,Réseau public d'assainissement,territoire_id,%
358,Réseau public d'eau,socio_economic,socio_economic_conditions_habitat_habitat_conditions_combine,long,valeur,Réseau public d'eau,territoire_id,%
359,Réseau public d'électricité,socio_economic,socio_economic_conditions_habitat_habitat_conditions_combine,long,valeur,Réseau public d'électricité,territoire_id,%
360,Taux de déficit quantitatif en logement (%),socio_economic,socio_economic_conditions_habitat_habitat_conditions_combine,long,valeur,Taux de déficit quantitatif en logement (%),territoire_id,%
361,Total des logements urbains,socio_economic,socio_economic_conditions_habitat_habitat_conditions_combine,long,valeur,Total des logements urbains,territoire_id,logements
362,Total logement non occupé,socio_economic,socio_economic_conditions_habitat_habitat_conditions_combine,long,valeur,Total logement non occupé,territoire_id,%
363,Total non précaire,socio_economic,socio_economic_conditions_habitat_habitat_conditions_combine,long,valeur,Total non précaire,territoire_id,%
364,Total précaire,socio_economic,socio_economic_conditions_habitat_habitat_conditions_combine,long,valeur,Total précaire,territoire_id,%
365,Tôle en ciment ou en zinc,socio_economic,socio_economic_conditions_habitat_habitat_conditions_combine,long,valeur,Tôle en ciment ou en zinc,territoire_id,%
366,Villa ou niveau de villa,socio_economic,socio_economic_conditions_habitat_habitat_conditions_combine,long,valeur,Villa ou niveau de villa,territoire_id,%
367,internet_utilisation_pct_5ansplus,socio_economic,socio_economic_dataset_fracture_numerique_fracture_numerique,long,valeur,internet_utilisation_pct_5ansplus,territoire_id,
368,ordinateur_personnel_pct_5ansplus,socio_economic,socio_economic_dataset_fracture_numerique_fracture_numerique,long,valeur,ordinateur_personnel_pct_5ansplus,territoire_id,
369,telephone_mobile_pct_5ansplus,socio_economic,socio_economic_dataset_fracture_numerique_fracture_numerique,long,valeur,telephone_mobile_pct_5ansplus,territoire_id,
370,ordinateur_personnel_pct_5ansplus,socio_economic,socio_economic_dataset_fracture_numerique_provinces_2024,large,ordinateur_personnel_pct_5ansplus,,territoire_id,
371,internet_utilisation_pct_5ansplus,socio_economic,socio_economic_dataset_fracture_numerique_provinces_2024,large,internet_utilisation_pct_5ansplus,,territoire_id,
372,telephone_mobile_pct_5ansplus,socio_economic,socio_economic_dataset_fracture_numerique_provinces_2024,large,telephone_mobile_pct_5ansplus,,territoire_id,
373,internet_utilisation_pct_5ansplus,socio_economic,socio_economic_dataset_fracture_numerique_detail_milieu,long,valeur,internet_utilisation_pct_5ansplus,territoire_id,
374,ordinateur_personnel_pct_5ansplus,socio_economic,socio_economic_dataset_fracture_numerique_detail_milieu,long,valeur,ordinateur_personnel_pct_5ansplus,territoire_id,
375,telephone_mobile_pct_5ansplus,socio_economic,socio_economic_dataset_fracture_numerique_detail_milieu,long,valeur,telephone_mobile_pct_5ansplus,territoire_id,
376,Langues locales utilisées (non exclusives) (%) - Darija,socio_economic,socio_economic_rgph2024_population_socio_econo_rgph2024_popu,long,valeur,Langues locales utilisées (non exclusives) (%) - Darija,territoire_id,
377,Langues locales utilisées (non exclusives) (%) - Hassania,socio_economic,socio_economic_rgph2024_population_socio_econo_rgph2024_popu,long,valeur,Langues locales utilisées (non exclusives) (%) - Hassania,territoire_id,
378,Langues locales utilisées (non exclusives) (%) - Tachelhit,socio_economic,socio_economic_rgph2024_population_socio_econo_rgph2024_popu,long,valeur,Langues locales utilisées (non exclusives) (%) - Tachelhit,territoire_id,
379,Langues locales utilisées (non exclusives) (%) - Tamazight,socio_economic,socio_economic_rgph2024_population_socio_econo_rgph2024_popu,long,valeur,Langues locales utilisées (non exclusives) (%) - Tamazight,territoire_id,
380,Langues locales utilisées (non exclusives) (%) - Tarifit,socio_economic,socio_economic_rgph2024_population_socio_econo_rgph2024_popu,long,valeur,Langues locales utilisées (non exclusives) (%) - Tarifit,territoire_id,
381,Population active de 15 ans et plus,socio_economic,socio_economic_rgph2024_population_socio_econo_rgph2024_popu,long,valeur,Population active de 15 ans et plus,territoire_id,
382,Population active occupée de 15 ans et plus,socio_economic,socio_economic_rgph2024_population_socio_econo_rgph2024_popu,long,valeur,Population active occupée de 15 ans et plus,territoire_id,
383,Population inactive de 15 ans et plus,socio_economic,socio_economic_rgph2024_population_socio_econo_rgph2024_popu,long,valeur,Population inactive de 15 ans et plus,territoire_id,
384,Statut professionnel des actifs occupés de 15 ans et plus (%) - Aide familial,socio_economic,socio_economic_rgph2024_population_socio_econo_rgph2024_popu,long,valeur,Statut professionnel des actifs occupés de 15 ans et plus (%) - Aide familial,territoire_id,
385,Statut professionnel des actifs occupés de 15 ans et plus (%) - Apprenti,socio_economic,socio_economic_rgph2024_population_socio_econo_rgph2024_popu,long,valeur,Statut professionnel des actifs occupés de 15 ans et plus (%) - Apprenti,territoire_id,
386,Statut professionnel des actifs occupés de 15 ans et plus (%) - Autre,socio_economic,socio_economic_rgph2024_population_socio_econo_rgph2024_popu,long,valeur,Statut professionnel des actifs occupés de 15 ans et plus (%) - Autre,territoire_id,
387,Statut professionnel des actifs occupés de 15 ans et plus (%) - Coopérateur/Associé,socio_economic,socio_economic_rgph2024_population_socio_econo_rgph2024_popu,long,valeur,Statut professionnel des actifs occupés de 15 ans et plus (%) - Coopérateur/Associé,territoire_id,
388,Statut professionnel des actifs occupés de 15 ans et plus (%) - Employeur,socio_economic,socio_economic_rgph2024_population_socio_econo_rgph2024_popu,long,valeur,Statut professionnel des actifs occupés de 15 ans et plus (%) - Employeur,territoire_id,
389,Statut professionnel des actifs occupés de 15 ans et plus (%) - Indépendant,socio_economic,socio_economic_rgph2024_population_socio_econo_rgph2024_popu,long,valeur,Statut professionnel des actifs occupés de 15 ans et plus (%) - Indépendant,territoire_id,
390,Statut professionnel des actifs occupés de 15 ans et plus (%) - Salarié du secteur privé,socio_economic,socio_economic_rgph2024_population_socio_econo_rgph2024_popu,long,valeur,Statut professionnel des actifs occupés de 15 ans et plus (%) - Salarié du secteur privé,territoire_id,
391,Statut professionnel des actifs occupés de 15 ans et plus (%) - Salarié du secteur public,socio_economic,socio_economic_rgph2024_population_socio_econo_rgph2024_popu,long,valeur,Statut professionnel des actifs occupés de 15 ans et plus (%) - Salarié du secteur public,territoire_id,
392,Taux d'activité des 15 ans et plus (%),socio_economic,socio_economic_rgph2024_population_socio_econo_rgph2024_popu,long,valeur,Taux d'activité des 15 ans et plus (%),territoire_id,
393,Taux de chômage (%),socio_economic,socio_economic_rgph2024_population_socio_econo_rgph2024_popu,long,valeur,Taux de chômage (%),territoire_id,
394,Taux de prévalence du handicap (%),socio_economic,socio_economic_rgph2024_population_socio_econo_rgph2024_popu,long,valeur,Taux de prévalence du handicap (%),territoire_id,
