territoire_id,indicateur,valeur,indicateur_id
34,priv_mortalite_infantile,0.0694382056039063,430
35,priv_mortalite_infantile,0.0,430
36,priv_mortalite_infantile,0.0627524219453335,430
37,priv_mortalite_infantile,0.0,430
38,priv_mortalite_infantile,0.581785644591938,430
39,priv_mortalite_infantile,0.149253732524812,430
40,priv_mortalite_infantile,0.066048646112904,430
41,priv_mortalite_infantile,0.0,430
42,priv_mortalite_infantile,0.0,430
43,priv_mortalite_infantile,0.537798414006829,430
44,priv_mortalite_infantile,0.0,430
45,priv_mortalite_infantile,0.0,430
46,priv_mortalite_infantile,0.0627198140136898,430
47,priv_mortalite_infantile,0.0207515971851535,430
48,priv_mortalite_infantile,0.0655424082651734,430
49,priv_mortalite_infantile,0.0739918614272028,430
50,priv_mortalite_infantile,0.131319765932858,430
51,priv_mortalite_infantile,0.0499867950566113,430
52,priv_mortalite_infantile,0.0,430
53,priv_mortalite_infantile,0.174566940404475,430
54,priv_mortalite_infantile,0.0574778707232326,430
55,priv_mortalite_infantile,0.0727802024402307,430
56,priv_mortalite_infantile,0.0,430
57,priv_mortalite_infantile,0.0,430
58,priv_mortalite_infantile,0.0,430
59,priv_mortalite_infantile,0.0,430
60,priv_mortalite_infantile,0.125959003344178,430
61,priv_mortalite_infantile,0.0,430
62,priv_mortalite_infantile,0.0801667454652488,430
63,priv_mortalite_infantile,0.0,430
64,priv_mortalite_infantile,0.297753978520632,430
65,priv_mortalite_infantile,0.064385577570647,430
66,priv_mortalite_infantile,0.0854335725307465,430
67,priv_mortalite_infantile,0.0593178458564772,430
68,priv_mortalite_infantile,0.0243546033743769,430
69,priv_mortalite_infantile,0.0985056278295815,430
70,priv_mortalite_infantile,0.0,430
71,priv_mortalite_infantile,0.519293267279863,430
72,priv_mortalite_infantile,0.0813447753898799,430
73,priv_mortalite_infantile,0.168983638286591,430
74,priv_mortalite_infantile,0.0,430
75,priv_mortalite_infantile,0.14546747552231,430
76,priv_mortalite_infantile,0.0,430
77,priv_mortalite_infantile,0.383722382135372,430
78,priv_mortalite_infantile,0.0,430
79,priv_mortalite_infantile,0.0,430
80,priv_mortalite_infantile,0.0758684705942869,430
81,priv_mortalite_infantile,0.0590249837841839,430
82,priv_mortalite_infantile,0.091052819500698,430
83,priv_mortalite_infantile,0.272536766715348,430
84,priv_mortalite_infantile,0.185433740261942,430
85,priv_mortalite_infantile,0.234341202303767,430
86,priv_mortalite_infantile,0.0,430
87,priv_mortalite_infantile,0.0,430
88,priv_mortalite_infantile,0.0545926042832434,430
89,priv_mortalite_infantile,0.0551571953110397,430
90,priv_mortalite_infantile,0.0,430
91,priv_mortalite_infantile,0.0,430
92,priv_mortalite_infantile,0.127758423332125,430
93,priv_mortalite_infantile,0.166906928791115,430
94,priv_mortalite_infantile,0.0,430
95,priv_mortalite_infantile,0.0,430
96,priv_mortalite_infantile,0.0,430
97,priv_mortalite_infantile,0.598087720572949,430
98,priv_mortalite_infantile,0.133015960454941,430
99,priv_mortalite_infantile,0.0381768768420443,430
100,priv_mortalite_infantile,0.0,430
101,priv_mortalite_infantile,0.0,430
102,priv_mortalite_infantile,0.135554850567132,430
103,priv_mortalite_infantile,0.0,430
104,priv_mortalite_infantile,0.0,430
105,priv_mortalite_infantile,0.173740379977971,430
106,priv_mortalite_infantile,0.110895477700979,430
107,priv_mortalite_infantile,0.193923723418266,430
108,priv_mortalite_infantile,0.212895381264389,430
109,priv_mortalite_infantile,0.0526592950336635,430
110,priv_mortalite_infantile,0.0,430
111,priv_mortalite_infantile,0.0,430
112,priv_mortalite_infantile,0.0289897074384834,430
113,priv_mortalite_infantile,0.0,430
114,priv_mortalite_infantile,0.0,430
115,priv_mortalite_infantile,0.0482509058201686,430
116,priv_mortalite_infantile,0.0,430
117,priv_mortalite_infantile,0.0822537520434707,430
118,priv_mortalite_infantile,0.0,430
119,priv_mortalite_infantile,0.120854037919205,430
120,priv_mortalite_infantile,0.219394476152956,430
121,priv_mortalite_infantile,0.944081321358681,430
122,priv_mortalite_infantile,0.197132606990635,430
123,priv_mortalite_infantile,0.153718807268888,430
124,priv_mortalite_infantile,0.214438885450363,430
125,priv_mortalite_infantile,0.31481480691582,430
126,priv_mortalite_infantile,0.292577757500112,430
127,priv_mortalite_infantile,0.145214516669512,430
128,priv_mortalite_infantile,0.0,430
129,priv_mortalite_infantile,0.0,430
130,priv_mortalite_infantile,0.224454887211323,430
131,priv_mortalite_infantile,0.280098347791245,430
132,priv_mortalite_infantile,0.0,430
133,priv_mortalite_infantile,0.0,430
134,priv_mortalite_infantile,0.0,430
135,priv_mortalite_infantile,0.195351941511035,430
136,priv_mortalite_infantile,0.278694503984155,430
137,priv_mortalite_infantile,0.0,430
138,priv_mortalite_infantile,0.598704721778631,430
139,priv_mortalite_infantile,0.350426346994936,430
140,priv_mortalite_infantile,0.223041130335499,430
141,priv_mortalite_infantile,0.127615116070956,430
142,priv_mortalite_infantile,0.14817708870396,430
143,priv_mortalite_infantile,0.158873293548822,430
144,priv_mortalite_infantile,0.525524467229843,430
145,priv_mortalite_infantile,0.230188015848398,430
146,priv_mortalite_infantile,0.18765670247376,430
147,priv_mortalite_infantile,0.289300549775362,430
148,priv_mortalite_infantile,0.020072930608288,430
149,priv_mortalite_infantile,0.189843378029764,430
150,priv_mortalite_infantile,0.0979282311163843,430
151,priv_mortalite_infantile,0.0216006053960882,430
152,priv_mortalite_infantile,0.0443786993855611,430
153,priv_mortalite_infantile,0.119607197120786,430
154,priv_mortalite_infantile,0.0741381430998445,430
155,priv_mortalite_infantile,0.0,430
156,priv_mortalite_infantile,0.275406963191927,430
157,priv_mortalite_infantile,0.571799138560891,430
158,priv_mortalite_infantile,0.31124628148973,430
159,priv_mortalite_infantile,0.0,430
160,priv_mortalite_infantile,0.156141514889896,430
161,priv_mortalite_infantile,0.0722125929314643,430
162,priv_mortalite_infantile,0.0874562712851912,430
163,priv_mortalite_infantile,0.0379822624381632,430
164,priv_mortalite_infantile,0.144624779932201,430
165,priv_mortalite_infantile,0.0,430
166,priv_mortalite_infantile,0.195753010875917,430
167,priv_mortalite_infantile,0.0,430
168,priv_mortalite_infantile,0.147650635335594,430
169,priv_mortalite_infantile,0.420909142121673,430
170,priv_mortalite_infantile,0.260228151455522,430
171,priv_mortalite_infantile,0.303102698073407,430
172,priv_mortalite_infantile,0.0884732056874782,430
173,priv_mortalite_infantile,0.0,430
174,priv_mortalite_infantile,0.0,430
175,priv_mortalite_infantile,0.0,430
176,priv_mortalite_infantile,0.0956226142437609,430
177,priv_mortalite_infantile,0.0,430
178,priv_mortalite_infantile,0.217155809514225,430
179,priv_mortalite_infantile,0.0762064374930856,430
34,priv_handicap,12.4444671180845,431
35,priv_handicap,14.8236230015755,431
36,priv_handicap,9.61546003818512,431
37,priv_handicap,13.8985931873322,431
38,priv_handicap,13.6495859324465,431
39,priv_handicap,37.6492530107498,431
40,priv_handicap,11.2468615174294,431
41,priv_handicap,12.2676581144333,431
42,priv_handicap,18.4079602360725,431
43,priv_handicap,34.3145787715912,431
44,priv_handicap,16.7064443230629,431
45,priv_handicap,25.0023555064954,431
46,priv_handicap,16.3385793566704,431
47,priv_handicap,17.7055567502975,431
48,priv_handicap,13.9788061380386,431
49,priv_handicap,17.3757553100586,431
50,priv_handicap,22.5651130080223,431
51,priv_handicap,15.5241206288338,431
52,priv_handicap,14.8702278733253,431
53,priv_handicap,20.5183297395706,431
54,priv_handicap,16.8984934687614,431
55,priv_handicap,22.9985444125535,431
56,priv_handicap,28.0417501926422,431
57,priv_handicap,27.3939967155457,431
58,priv_handicap,10.0479677319527,431
59,priv_handicap,15.5138462781906,431
60,priv_handicap,17.5999090075493,431
61,priv_handicap,19.4504082202911,431
62,priv_handicap,25.3326922655106,431
63,priv_handicap,20.1080426573753,431
64,priv_handicap,18.9146935939789,431
65,priv_handicap,23.5927149653435,431
66,priv_handicap,30.777445435524,431
67,priv_handicap,12.1799306418273,431
68,priv_handicap,24.3911355733871,431
69,priv_handicap,14.7879049181938,431
70,priv_handicap,17.9265707731247,431
71,priv_handicap,14.342688024044,431
72,priv_handicap,29.9187541007996,431
73,priv_handicap,13.5660007596016,431
74,priv_handicap,10.0390695035458,431
75,priv_handicap,14.0113994479179,431
76,priv_handicap,19.8086887598038,431
77,priv_handicap,20.1003016724159,431
78,priv_handicap,14.4254416227341,431
79,priv_handicap,17.2167286276817,431
80,priv_handicap,15.313632786274,431
81,priv_handicap,14.4147843122482,431
82,priv_handicap,19.2110175829868,431
83,priv_handicap,21.1625158786774,431
84,priv_handicap,17.4898251891136,431
85,priv_handicap,19.3701222538948,431
86,priv_handicap,17.8767666220665,431
87,priv_handicap,22.0269650220871,431
88,priv_handicap,25.2900242805481,431
89,priv_handicap,31.9544047117233,431
90,priv_handicap,23.6815482378006,431
91,priv_handicap,19.7541460394859,431
92,priv_handicap,23.6933797597885,431
93,priv_handicap,17.7235451392668,431
94,priv_handicap,22.5367724895477,431
95,priv_handicap,28.2714277505875,431
96,priv_handicap,20.9578320384026,431
97,priv_handicap,18.3355331420898,431
98,priv_handicap,16.6824847459793,431
99,priv_handicap,13.244366645813,431
100,priv_handicap,16.3943022489548,431
101,priv_handicap,22.1946254372597,431
102,priv_handicap,16.2389159202576,431
103,priv_handicap,21.1099207401276,431
104,priv_handicap,27.8758943080902,431
105,priv_handicap,28.0218422412872,431
106,priv_handicap,24.2168009281158,431
107,priv_handicap,22.0685198903084,431
108,priv_handicap,22.0498785376549,431
109,priv_handicap,34.0705633163452,431
110,priv_handicap,22.3327308893204,431
111,priv_handicap,18.0510565638542,431
112,priv_handicap,20.7711265091534,431
113,priv_handicap,25.1134306192398,431
114,priv_handicap,26.8159628094115,431
115,priv_handicap,25.7659822702408,431
116,priv_handicap,18.141311344013,431
117,priv_handicap,28.6037415266037,431
118,priv_handicap,15.3979510068893,431
119,priv_handicap,18.6786624102108,431
120,priv_handicap,27.3219257593155,431
121,priv_handicap,41.3217127323151,431
122,priv_handicap,29.6594977378845,431
123,priv_handicap,25.8838832378387,431
124,priv_handicap,29.7176539897919,431
125,priv_handicap,20.8703696727753,431
126,priv_handicap,33.5540503263474,431
127,priv_handicap,24.7920796275139,431
128,priv_handicap,23.598313331604,431
129,priv_handicap,24.3531093001366,431
130,priv_handicap,24.0594267845154,431
131,priv_handicap,25.1779508011808,431
132,priv_handicap,28.3309012651443,431
133,priv_handicap,34.3620896339417,431
134,priv_handicap,26.7530262470245,431
135,priv_handicap,15.7878398895264,431
136,priv_handicap,19.8426115638707,431
137,priv_handicap,20.5545365810394,431
138,priv_handicap,22.4352717399597,431
139,priv_handicap,18.946385383606,431
140,priv_handicap,22.9053534674288,431
141,priv_handicap,36.9605392217636,431
142,priv_handicap,22.7627590298653,431
143,priv_handicap,24.5692610740662,431
144,priv_handicap,20.566888153553,431
145,priv_handicap,24.2911249399185,431
146,priv_handicap,15.7324925065041,431
147,priv_handicap,23.0911567807198,431
148,priv_handicap,21.5234191703703,431
149,priv_handicap,17.0859038829803,431
150,priv_handicap,28.0462145805359,431
151,priv_handicap,21.5034022927284,431
152,priv_handicap,26.9082844257355,431
153,priv_handicap,19.9938744306564,431
154,priv_handicap,21.1911529302597,431
155,priv_handicap,24.4654476642609,431
156,priv_handicap,25.2118825912476,431
157,priv_handicap,23.8820269703865,431
158,priv_handicap,20.1357051730156,431
159,priv_handicap,17.1487152576447,431
160,priv_handicap,21.4716076850891,431
161,priv_handicap,27.3108035326004,431
162,priv_handicap,20.0024992227554,431
163,priv_handicap,16.2413045763969,431
164,priv_handicap,34.3242794275284,431
165,priv_handicap,22.7975860238075,431
166,priv_handicap,15.9986863588596,431
167,priv_handicap,26.9821673631668,431
168,priv_handicap,23.6358299851418,431
169,priv_handicap,28.6397695541382,431
170,priv_handicap,28.2927870750427,431
171,priv_handicap,22.0083937915086,431
172,priv_handicap,23.3063697814941,431
173,priv_handicap,23.2771724462509,431
174,priv_handicap,27.3529300703151,431
175,priv_handicap,30.8328032493591,431
176,priv_handicap,23.318490363686,431
177,priv_handicap,23.0714961886406,431
178,priv_handicap,23.8350242376328,431
179,priv_handicap,24.0540487976103,431
34,contrib_sante,40.9906120300293,432
35,contrib_sante,43.1544342041016,432
36,contrib_sante,33.4627380371094,432
37,contrib_sante,35.8461265563965,432
38,contrib_sante,23.6509742736816,432
39,contrib_sante,33.0701751708984,432
40,contrib_sante,36.0684623718262,432
41,contrib_sante,26.7299880981445,432
42,contrib_sante,36.2239303588867,432
43,contrib_sante,38.3783493041992,432
44,contrib_sante,34.6762619018555,432
45,contrib_sante,41.2841567993164,432
46,contrib_sante,39.0349769592285,432
47,contrib_sante,39.1017417907715,432
48,contrib_sante,42.0724906921387,432
49,contrib_sante,37.4929428100586,432
50,contrib_sante,36.717830657959,432
51,contrib_sante,43.4465522766113,432
52,contrib_sante,27.1557483673096,432
53,contrib_sante,30.1896533966064,432
54,contrib_sante,21.4937362670898,432
55,contrib_sante,28.5000476837158,432
56,contrib_sante,33.329963684082,432
57,contrib_sante,31.3269500732422,432
58,contrib_sante,23.2736835479736,432
59,contrib_sante,37.5843200683594,432
60,contrib_sante,22.7718677520752,432
61,contrib_sante,21.5512752532959,432
62,contrib_sante,27.7421646118164,432
63,contrib_sante,24.0473976135254,432
64,contrib_sante,27.5618419647217,432
65,contrib_sante,31.1296463012695,432
66,contrib_sante,24.4933757781982,432
67,contrib_sante,38.3784255981445,432
68,contrib_sante,26.9706859588623,432
69,contrib_sante,37.9433784484863,432
70,contrib_sante,32.3058052062988,432
71,contrib_sante,20.5133495330811,432
72,contrib_sante,19.139684677124,432
73,contrib_sante,31.5870323181152,432
74,contrib_sante,36.3116760253906,432
75,contrib_sante,39.8077735900879,432
76,contrib_sante,30.280517578125,432
77,contrib_sante,34.3475761413574,432
78,contrib_sante,30.598970413208,432
79,contrib_sante,34.1731681823731,432
80,contrib_sante,41.9087257385254,432
81,contrib_sante,38.5790214538574,432
82,contrib_sante,26.4963359832764,432
83,contrib_sante,31.1322898864746,432
84,contrib_sante,26.3469772338867,432
85,contrib_sante,22.1992988586426,432
86,contrib_sante,21.4727535247803,432
87,contrib_sante,22.8604412078857,432
88,contrib_sante,31.840404510498,432
89,contrib_sante,31.7321853637695,432
90,contrib_sante,30.8931579589844,432
91,contrib_sante,19.2270393371582,432
92,contrib_sante,23.1051597595215,432
93,contrib_sante,36.1794662475586,432
94,contrib_sante,24.6762390136719,432
95,contrib_sante,22.5909576416016,432
96,contrib_sante,30.4166469573975,432
97,contrib_sante,25.7890815734863,432
98,contrib_sante,16.8993072509766,432
99,contrib_sante,40.1255531311035,432
100,contrib_sante,38.3692169189453,432
101,contrib_sante,41.4303855895996,432
102,contrib_sante,40.5607070922852,432
103,contrib_sante,42.0,432
104,contrib_sante,32.4657936096191,432
105,contrib_sante,27.7075901031494,432
106,contrib_sante,27.4936180114746,432
107,contrib_sante,30.2889575958252,432
108,contrib_sante,19.6275615692139,432
109,contrib_sante,30.9352512359619,432
110,contrib_sante,25.4881267547607,432
111,contrib_sante,35.9150733947754,432
112,contrib_sante,41.8938255310059,432
113,contrib_sante,40.4418830871582,432
114,contrib_sante,29.9323806762695,432
115,contrib_sante,25.3764038085938,432
116,contrib_sante,34.3009414672852,432
117,contrib_sante,32.9674835205078,432
118,contrib_sante,42.4126014709473,432
119,contrib_sante,40.9853286743164,432
120,contrib_sante,32.2905044555664,432
121,contrib_sante,34.1803779602051,432
122,contrib_sante,31.4964389801025,432
123,contrib_sante,28.1939697265625,432
124,contrib_sante,28.0722465515137,432
125,contrib_sante,27.7679824829102,432
126,contrib_sante,30.7991790771484,432
127,contrib_sante,23.4787292480469,432
128,contrib_sante,23.1907119750977,432
129,contrib_sante,27.8599548339844,432
130,contrib_sante,28.069995880127,432
131,contrib_sante,29.0202121734619,432
132,contrib_sante,22.9291439056397,432
133,contrib_sante,24.5577220916748,432
134,contrib_sante,27.2914581298828,432
135,contrib_sante,42.9301223754883,432
136,contrib_sante,35.1387825012207,432
137,contrib_sante,27.6837768554688,432
138,contrib_sante,24.1743984222412,432
139,contrib_sante,29.0842132568359,432
140,contrib_sante,25.7911720275879,432
141,contrib_sante,27.7056465148926,432
142,contrib_sante,30.5846309661865,432
143,contrib_sante,25.2921733856201,432
144,contrib_sante,31.2428493499756,432
145,contrib_sante,28.518030166626,432
146,contrib_sante,20.0792655944824,432
147,contrib_sante,24.5518264770508,432
148,contrib_sante,32.1763916015625,432
149,contrib_sante,32.0605316162109,432
150,contrib_sante,32.237247467041,432
151,contrib_sante,23.97487449646,432
152,contrib_sante,30.4152965545654,432
153,contrib_sante,26.8870544433594,432
154,contrib_sante,29.095495223999,432
155,contrib_sante,29.9305400848389,432
156,contrib_sante,27.4448146820068,432
157,contrib_sante,26.1625022888184,432
158,contrib_sante,28.0708808898926,432
159,contrib_sante,25.5183944702148,432
160,contrib_sante,30.0524978637695,432
161,contrib_sante,26.3232479095459,432
162,contrib_sante,28.6806888580322,432
163,contrib_sante,41.2059860229492,432
164,contrib_sante,35.0946846008301,432
165,contrib_sante,34.9785804748535,432
166,contrib_sante,26.6672897338867,432
167,contrib_sante,30.5846271514893,432
168,contrib_sante,22.2538566589355,432
169,contrib_sante,27.6098594665527,432
170,contrib_sante,30.2746028900147,432
171,contrib_sante,32.2766647338867,432
172,contrib_sante,28.1650085449219,432
173,contrib_sante,21.7284622192383,432
174,contrib_sante,24.805326461792,432
175,contrib_sante,31.1698684692383,432
176,contrib_sante,34.2084922790527,432
177,contrib_sante,28.1837730407715,432
178,contrib_sante,27.1563053131104,432
179,contrib_sante,30.0538845062256,432
2,priv_mortalite_infantile,0.0706700832871091,430
3,priv_mortalite_infantile,0.0527122526206628,430
4,priv_mortalite_infantile,0.0638757397005804,430
5,priv_mortalite_infantile,0.121606072082548,430
6,priv_mortalite_infantile,0.0947188137983572,430
7,priv_mortalite_infantile,0.0808670416920811,430
8,priv_mortalite_infantile,0.209248028259388,430
9,priv_mortalite_infantile,0.109204992959172,430
2,priv_handicap,12.6992181299957,431
3,priv_handicap,16.0006777537987,431
4,priv_handicap,16.6185361761335,431
5,priv_handicap,15.398423090192,431
6,priv_handicap,17.7729495010019,431
7,priv_handicap,22.4165761420472,431
8,priv_handicap,21.7079685259743,431
9,priv_handicap,22.7280971009739,431
2,contrib_sante,39.8542137145996,432
3,contrib_sante,39.7427597045898,432
4,contrib_sante,32.5913162231445,432
5,contrib_sante,33.6676635742188,432
6,contrib_sante,28.2189559936523,432
7,contrib_sante,30.1473617553711,432
8,contrib_sante,28.1333885192871,432
9,contrib_sante,29.4170970916748,432
